listing_id,total_images_seen,scored_images,relevant_image_count,overview_image_count,usable_image_count,has_image_score,avg_confidence_all,avg_confidence_usable,image_score_mean,image_score_weighted,image_score_top2_weighted,image_score_max,best_overall_quality,best_condition,best_modernness,best_furnishing_quality,kitchen_quality_weighted,bathroom_quality_weighted
33iIG,1,1,1,1,1,1,0.8,0.8,0.4654499999999999,0.46545,0.46545,0.4654499999999999,0.75,0.5,0.5,0.5,,
39vXM,1,1,1,1,1,1,0.8,0.8,0.5924699999999999,0.5924699999999999,0.5924699999999999,0.5924699999999999,0.95,0.5,0.5,0.8,,
3CWWu,1,1,1,1,1,1,0.8,0.8,0.4654499999999999,0.46545,0.46545,0.4654499999999999,0.75,0.5,0.5,0.5,,
3Dn52,1,1,1,1,1,1,0.7,0.7,0.4427499999999999,0.4427499999999999,0.4427499999999999,0.4427499999999999,0.8,0.5,0.5,0.5,,
3JI8o,1,1,1,1,1,1,0.8,0.8,0.4654499999999999,0.46545,0.46545,0.4654499999999999,0.75,0.5,0.5,0.5,,
3Jbh2,1,1,1,1,1,1,0.8,0.8,0.4654499999999999,0.46545,0.46545,0.4654499999999999,0.75,0.5,0.5,0.5,,
3R5sY,1,1,1,1,1,1,0.8,0.8,0.4654499999999999,0.46545,0.46545,0.4654499999999999,0.75,0.5,0.5,0.5,,
3TP0Y,1,1,1,1,1,1,0.8,0.8,0.5924699999999999,0.5924699999999999,0.5924699999999999,0.5924699999999999,0.95,0.5,0.5,0.8,,
3WWhe,1,1,1,1,1,1,0.7,0.7,0.4427499999999999,0.4427499999999999,0.4427499999999999,0.4427499999999999,0.8,0.5,0.5,0.5,,
3XwDu,1,1,1,1,1,1,0.7,0.7,0.4427499999999999,0.4427499999999999,0.4427499999999999,0.4427499999999999,0.8,0.5,0.5,0.5,,
3ZZSg,1,1,1,1,1,1,0.8,0.8,0.59595,0.59595,0.59595,0.59595,0.95,0.5,0.5,0.8,,
3aIri,1,1,1,1,1,1,0.8,0.8,0.4654499999999999,0.46545,0.46545,0.4654499999999999,0.75,0.5,0.5,0.5,,
3cmR0,1,1,1,1,1,1,0.8,0.8,0.4654499999999999,0.46545,0.46545,0.4654499999999999,0.75,0.5,0.5,0.5,,
42GTo,1,1,1,1,1,1,0.9,0.9,0.6227100000000002,0.6227100000000002,0.6227100000000002,0.6227100000000002,0.8,0.8,0.5,0.7,,
42raU,1,1,1,1,1,1,0.5,0.5,0.2025,0.2025,0.2025,0.2025,1.0,0.0,0.0,0.0,,
45Jva,1,1,1,1,1,1,0.7,0.7,0.4427499999999999,0.4427499999999999,0.4427499999999999,0.4427499999999999,0.8,0.5,0.5,0.5,,
45xZN,1,1,1,1,1,1,0.8,0.8,0.5924699999999999,0.5924699999999999,0.5924699999999999,0.5924699999999999,0.95,0.5,0.5,0.8,,
47Egs,1,1,1,1,1,1,0.8,0.8,0.7307999999999999,0.7307999999999999,0.7307999999999999,0.7307999999999999,1.0,1.0,0.5,1.0,,
47gZZ,1,1,1,1,1,1,0.5,0.5,0.2025,0.2025,0.2025,0.2025,1.0,0.0,0.0,0.0,,
48GpM,1,1,1,1,1,1,0.7,0.7,0.4427499999999999,0.4427499999999999,0.4427499999999999,0.4427499999999999,0.8,0.5,0.5,0.5,,
48JTR,1,1,1,1,1,1,0.7,0.7,0.4427499999999999,0.4427499999999999,0.4427499999999999,0.4427499999999999,0.8,0.5,0.5,0.5,,
48opw,1,1,1,1,1,1,0.7,0.7,0.4427499999999999,0.4427499999999999,0.4427499999999999,0.4427499999999999,0.8,0.5,0.5,0.5,,
49RbA,1,1,1,1,1,1,0.7,0.7,0.4427499999999999,0.4427499999999999,0.4427499999999999,0.4427499999999999,0.8,0.5,0.5,0.5,,
49rfS,1,1,1,1,1,1,0.7,0.7,0.5763800000000001,0.5763800000000001,0.5763800000000001,0.5763800000000001,0.9,0.8,0.5,0.7,,
4A05q,1,1,1,1,1,1,0.7,0.7,0.4427499999999999,0.4427499999999999,0.4427499999999999,0.4427499999999999,0.8,0.5,0.5,0.5,,
4A05u,1,1,1,1,1,1,0.7,0.7,0.4427499999999999,0.4427499999999999,0.4427499999999999,0.4427499999999999,0.8,0.5,0.5,0.5,,
4A0J2,1,1,1,1,1,1,0.8,0.8,0.4654499999999999,0.46545,0.46545,0.4654499999999999,0.75,0.5,0.5,0.5,,
4A0UX,1,1,1,1,1,1,0.7,0.7,0.4427499999999999,0.4427499999999999,0.4427499999999999,0.4427499999999999,0.8,0.5,0.5,0.5,,
4A0X7,1,1,1,1,1,1,0.8,0.8,0.5924699999999999,0.5924699999999999,0.5924699999999999,0.5924699999999999,0.95,0.5,0.5,0.8,,
4A0rN,1,1,1,1,1,1,0.8,0.8,0.5924699999999999,0.5924699999999999,0.5924699999999999,0.5924699999999999,0.95,0.5,0.5,0.8,,
4A17C,1,1,1,1,1,1,0.8,0.8,0.4654499999999999,0.46545,0.46545,0.4654499999999999,0.75,0.5,0.5,0.5,,
4A1Aw,1,1,1,1,1,1,0.7,0.7,0.4427499999999999,0.4427499999999999,0.4427499999999999,0.4427499999999999,0.8,0.5,0.5,0.5,,
4A1EX,1,1,1,1,1,1,0.7,0.7,0.4427499999999999,0.4427499999999999,0.4427499999999999,0.4427499999999999,0.8,0.5,0.5,0.5,,
4A1UN,1,1,1,1,1,1,0.5,0.5,0.0,0.0,0.0,0.0,0.0,0.0,0.0,0.0,,
4A1Uw,1,1,1,1,1,1,0.8,0.8,0.4654499999999999,0.46545,0.46545,0.4654499999999999,0.75,0.5,0.5,0.5,,
4A1Wo,1,1,1,1,1,1,0.7,0.7,0.4427499999999999,0.4427499999999999,0.4427499999999999,0.4427499999999999,0.8,0.5,0.5,0.5,,
4A1n1,1,1,1,1,1,1,0.5,0.5,0.0,0.0,0.0,0.0,0.0,0.0,0.0,0.0,,
4A1qY,1,1,1,1,1,1,0.8,0.8,0.4654499999999999,0.46545,0.46545,0.4654499999999999,0.75,0.5,0.5,0.5,,
4A1vJ,1,1,1,1,1,1,0.8,0.8,0.4654499999999999,0.46545,0.46545,0.4654499999999999,0.75,0.5,0.5,0.5,,
4A22l,1,1,1,1,1,1,0.8,0.8,0.5924699999999999,0.5924699999999999,0.5924699999999999,0.5924699999999999,0.95,0.5,0.5,0.8,,
4A23E,1,1,1,1,1,1,0.8,0.8,0.5924699999999999,0.5924699999999999,0.5924699999999999,0.5924699999999999,0.95,0.5,0.5,0.8,,
4A2IM,1,1,1,1,1,1,0.7,0.7,0.4427499999999999,0.4427499999999999,0.4427499999999999,0.4427499999999999,0.8,0.5,0.5,0.5,,
4A2MS,1,1,1,1,1,1,0.8,0.8,0.4654499999999999,0.46545,0.46545,0.4654499999999999,0.75,0.5,0.5,0.5,,
4A2Oz,1,1,1,1,1,1,0.5,0.5,0.2025,0.2025,0.2025,0.2025,1.0,0.0,0.0,0.0,,
4A2Q0,1,1,1,1,1,1,0.7,0.7,0.4427499999999999,0.4427499999999999,0.4427499999999999,0.4427499999999999,0.8,0.5,0.5,0.5,,
4A2Tg,1,1,1,1,1,1,0.8,0.8,0.4654499999999999,0.46545,0.46545,0.4654499999999999,0.75,0.5,0.5,0.5,,
4A2b9,1,1,1,1,1,1,0.8,0.8,0.5924699999999999,0.5924699999999999,0.5924699999999999,0.5924699999999999,0.95,0.5,0.5,0.8,,
4A2dd,1,1,1,1,1,1,0.8,0.8,0.6055200000000001,0.6055200000000001,0.6055200000000001,0.6055200000000001,1.0,0.5,0.5,0.8,,
4A2ez,1,1,1,1,1,1,0.8,0.8,0.5924699999999999,0.5924699999999999,0.5924699999999999,0.5924699999999999,0.95,0.5,0.5,0.8,,
4A2vn,1,1,1,1,1,1,0.8,0.8,0.6055200000000001,0.6055200000000001,0.6055200000000001,0.6055200000000001,1.0,0.5,0.5,0.8,,
4A2xq,1,1,1,1,1,1,0.8,0.8,0.5924699999999999,0.5924699999999999,0.5924699999999999,0.5924699999999999,0.95,0.5,0.5,0.8,,
4A2yE,1,1,1,1,1,1,0.8,0.8,0.4654499999999999,0.46545,0.46545,0.4654499999999999,0.75,0.5,0.5,0.5,,
4A2yr,1,1,1,1,1,1,0.8,0.8,0.4654499999999999,0.46545,0.46545,0.4654499999999999,0.75,0.5,0.5,0.5,,
4A2yw,1,1,1,1,1,1,0.7,0.7,0.4427499999999999,0.4427499999999999,0.4427499999999999,0.4427499999999999,0.8,0.5,0.5,0.5,,
4A2yy,1,1,1,1,1,1,0.8,0.8,0.5924699999999999,0.5924699999999999,0.5924699999999999,0.5924699999999999,0.95,0.5,0.5,0.8,,
4A2zz,1,1,1,1,1,1,0.7,0.7,0.4427499999999999,0.4427499999999999,0.4427499999999999,0.4427499999999999,0.8,0.5,0.5,0.5,,
4A30J,1,1,1,1,1,1,0.8,0.8,0.4654499999999999,0.46545,0.46545,0.4654499999999999,0.75,0.5,0.5,0.5,,
4A34L,1,1,1,1,1,1,0.7,0.7,0.4427499999999999,0.4427499999999999,0.4427499999999999,0.4427499999999999,0.8,0.5,0.5,0.5,,
4A3CD,1,1,1,1,1,1,0.8,0.8,0.4654499999999999,0.46545,0.46545,0.4654499999999999,0.75,0.5,0.5,0.5,,
4A3Ns,1,1,1,1,1,1,0.8,0.8,0.5924699999999999,0.5924699999999999,0.5924699999999999,0.5924699999999999,0.95,0.5,0.5,0.8,,
4A3Rc,1,1,1,1,1,1,0.8,0.8,0.5924699999999999,0.5924699999999999,0.5924699999999999,0.5924699999999999,0.95,0.5,0.5,0.8,,
4A3Sz,1,1,1,1,1,1,0.8,0.8,0.5924699999999999,0.5924699999999999,0.5924699999999999,0.5924699999999999,0.95,0.5,0.5,0.8,,
4A3aD,1,1,1,1,1,1,0.7,0.7,0.4427499999999999,0.4427499999999999,0.4427499999999999,0.4427499999999999,0.8,0.5,0.5,0.5,,
4A3mt,1,1,1,1,1,1,0.8,0.8,0.4654499999999999,0.46545,0.46545,0.4654499999999999,0.75,0.5,0.5,0.5,,
4A3wR,1,1,1,1,1,1,0.8,0.8,0.5924699999999999,0.5924699999999999,0.5924699999999999,0.5924699999999999,0.95,0.5,0.5,0.8,,
4A43k,1,1,1,1,1,1,0.8,0.8,0.5924699999999999,0.5924699999999999,0.5924699999999999,0.5924699999999999,0.95,0.5,0.5,0.8,,
4A43s,1,1,1,1,1,1,0.7,0.7,0.4427499999999999,0.4427499999999999,0.4427499999999999,0.4427499999999999,0.8,0.5,0.5,0.5,,
4A44U,1,1,1,1,1,1,0.7,0.7,0.4427499999999999,0.4427499999999999,0.4427499999999999,0.4427499999999999,0.8,0.5,0.5,0.5,,
4A4K2,1,1,1,1,1,1,0.7,0.7,0.4427499999999999,0.4427499999999999,0.4427499999999999,0.4427499999999999,0.8,0.5,0.5,0.5,,
4A4Kh,1,1,1,1,1,1,0.8,0.8,0.4654499999999999,0.46545,0.46545,0.4654499999999999,0.75,0.5,0.5,0.5,,
4A4X1,1,1,1,1,1,1,0.7,0.7,0.4427499999999999,0.4427499999999999,0.4427499999999999,0.4427499999999999,0.8,0.5,0.5,0.5,,
4A4eX,1,1,1,1,1,1,0.8,0.8,0.4654499999999999,0.46545,0.46545,0.4654499999999999,0.75,0.5,0.5,0.5,,
4A4f6,1,1,1,1,1,1,0.7,0.7,0.4427499999999999,0.4427499999999999,0.4427499999999999,0.4427499999999999,0.8,0.5,0.5,0.5,,
4A4f7,1,1,1,1,1,1,0.7,0.7,0.4427499999999999,0.4427499999999999,0.4427499999999999,0.4427499999999999,0.8,0.5,0.5,0.5,,
4A4f8,1,1,1,1,1,1,0.8,0.8,0.5924699999999999,0.5924699999999999,0.5924699999999999,0.5924699999999999,0.95,0.5,0.5,0.8,,
4A4fa,1,1,1,1,1,1,0.7,0.7,0.4427499999999999,0.4427499999999999,0.4427499999999999,0.4427499999999999,0.8,0.5,0.5,0.5,,
4A4fg,1,1,1,1,1,1,0.8,0.8,0.5924699999999999,0.5924699999999999,0.5924699999999999,0.5924699999999999,0.95,0.5,0.5,0.8,,
4A4fl,1,1,1,1,1,1,0.8,0.8,0.5924699999999999,0.5924699999999999,0.5924699999999999,0.5924699999999999,0.95,0.5,0.5,0.8,,
4A4iz,1,1,1,1,1,1,0.9,0.9,0.8601999999999999,0.8601999999999999,0.8601999999999999,0.8601999999999999,1.0,1.0,0.5,1.0,1.0,
4A4kC,1,1,1,1,1,1,0.7,0.7,0.1207499999999999,0.1207499999999999,0.1207499999999999,0.1207499999999999,0.5,0.0,0.0,0.0,,
4A4n0,1,1,1,1,1,1,0.8,0.8,0.5924699999999999,0.5924699999999999,0.5924699999999999,0.5924699999999999,0.95,0.5,0.5,0.8,,
4A4ru,1,1,1,1,1,1,0.8,0.8,0.5924699999999999,0.5924699999999999,0.5924699999999999,0.5924699999999999,0.95,0.5,0.5,0.8,,
4A51E,1,1,1,1,1,1,0.8,0.8,0.5924699999999999,0.5924699999999999,0.5924699999999999,0.5924699999999999,0.95,0.5,0.5,0.8,,
4A55X,1,1,1,1,1,1,0.7,0.7,0.4427499999999999,0.4427499999999999,0.4427499999999999,0.4427499999999999,0.8,0.5,0.5,0.5,,
4A56r,1,1,1,1,1,1,0.8,0.8,0.4654499999999999,0.46545,0.46545,0.4654499999999999,0.75,0.5,0.5,0.5,,
4A5VC,1,1,1,1,1,1,0.8,0.8,0.5924699999999999,0.5924699999999999,0.5924699999999999,0.5924699999999999,0.95,0.5,0.5,0.8,,
4A5Vy,1,1,1,1,1,1,0.7,0.7,0.4427499999999999,0.4427499999999999,0.4427499999999999,0.4427499999999999,0.8,0.5,0.5,0.5,,
4A5Wi,1,1,1,1,1,1,0.8,0.8,0.5924699999999999,0.5924699999999999,0.5924699999999999,0.5924699999999999,0.95,0.5,0.5,0.8,,
4A5bF,1,1,1,1,1,1,0.7,0.7,0.4427499999999999,0.4427499999999999,0.4427499999999999,0.4427499999999999,0.8,0.5,0.5,0.5,,
4A5eC,1,1,1,1,1,1,0.8,0.8,0.5924699999999999,0.5924699999999999,0.5924699999999999,0.5924699999999999,0.95,0.5,0.5,0.8,,
4A5es,1,1,1,1,1,1,0.8,0.8,0.4654499999999999,0.46545,0.46545,0.4654499999999999,0.75,0.5,0.5,0.5,,
4A5nx,1,1,1,1,1,1,0.8,0.8,0.5924699999999999,0.5924699999999999,0.5924699999999999,0.5924699999999999,0.95,0.5,0.5,0.8,,
4A5t7,1,1,1,1,1,1,0.8,0.8,0.5924699999999999,0.5924699999999999,0.5924699999999999,0.5924699999999999,0.95,0.5,0.5,0.8,,
4A5uw,1,1,1,1,1,1,0.8,0.8,0.4654499999999999,0.46545,0.46545,0.4654499999999999,0.75,0.5,0.5,0.5,,
4A5yk,1,1,1,1,1,1,0.8,0.8,0.5924699999999999,0.5924699999999999,0.5924699999999999,0.5924699999999999,0.95,0.5,0.5,0.8,,
4A62L,1,1,1,1,1,1,0.7,0.7,0.4427499999999999,0.4427499999999999,0.4427499999999999,0.4427499999999999,0.8,0.5,0.5,0.5,,
4A68U,1,1,1,1,1,1,0.7,0.7,0.4427499999999999,0.4427499999999999,0.4427499999999999,0.4427499999999999,0.8,0.5,0.5,0.5,,
4A6Cw,1,0,0,0,0,0,,,,,,,,,,,,
4A6Gc,1,1,1,1,1,1,0.8,0.8,0.5924699999999999,0.5924699999999999,0.5924699999999999,0.5924699999999999,0.95,0.5,0.5,0.8,,
4A6X5,1,1,1,1,1,1,0.9,0.9,0.636735,0.636735,0.636735,0.636735,0.85,0.8,0.5,0.7,,
4A6iB,1,1,1,1,1,1,0.7,0.7,0.4427499999999999,0.4427499999999999,0.4427499999999999,0.4427499999999999,0.8,0.5,0.5,0.5,,
4A6r4,1,1,1,1,1,1,0.8,0.8,0.4654499999999999,0.46545,0.46545,0.4654499999999999,0.75,0.5,0.5,0.5,,
4A6zM,1,1,1,1,1,1,0.9,0.9,0.6227100000000002,0.6227100000000002,0.6227100000000002,0.6227100000000002,0.8,0.8,0.5,0.7,,
4A731,1,1,1,1,1,1,0.7,0.7,0.4427499999999999,0.4427499999999999,0.4427499999999999,0.4427499999999999,0.8,0.5,0.5,0.5,,
4A73C,1,1,1,1,1,1,0.7,0.7,0.5361300000000001,0.5361300000000001,0.5361300000000001,0.5361300000000001,0.8,0.8,0.5,0.7,,
4A74D,1,1,1,1,1,1,0.8,0.8,0.5924699999999999,0.5924699999999999,0.5924699999999999,0.5924699999999999,0.95,0.5,0.5,0.8,,
4A7A8,1,1,1,1,1,1,0.8,0.8,0.4654499999999999,0.46545,0.46545,0.4654499999999999,0.75,0.5,0.5,0.5,,
4A7AY,1,1,1,1,1,1,0.7,0.7,0.5763800000000001,0.5763800000000001,0.5763800000000001,0.5763800000000001,0.9,0.8,0.5,0.7,,
4A7GL,1,1,1,1,1,1,0.8,0.8,0.5924699999999999,0.5924699999999999,0.5924699999999999,0.5924699999999999,0.95,0.5,0.5,0.8,,
4A7Mx,1,1,1,1,1,1,0.7,0.7,0.4427499999999999,0.4427499999999999,0.4427499999999999,0.4427499999999999,0.8,0.5,0.5,0.5,,
4A7RT,1,1,1,1,1,1,0.8,0.8,0.4654499999999999,0.46545,0.46545,0.4654499999999999,0.75,0.5,0.5,0.5,,
4A7Rp,1,1,1,1,1,1,0.8,0.8,0.4654499999999999,0.46545,0.46545,0.4654499999999999,0.75,0.5,0.5,0.5,,
4A7TP,1,1,1,1,1,1,0.7,0.7,0.4427499999999999,0.4427499999999999,0.4427499999999999,0.4427499999999999,0.8,0.5,0.5,0.5,,
4A7TT,1,1,1,1,1,1,0.8,0.8,0.5924699999999999,0.5924699999999999,0.5924699999999999,0.5924699999999999,0.95,0.5,0.5,0.8,,
4A7cc,1,1,1,1,1,1,0.8,0.8,0.5924699999999999,0.5924699999999999,0.5924699999999999,0.5924699999999999,0.95,0.5,0.5,0.8,,
4A7s2,1,1,1,1,1,1,0.8,0.8,0.5924699999999999,0.5924699999999999,0.5924699999999999,0.5924699999999999,0.95,0.5,0.5,0.8,,
4A81c,1,1,1,1,1,1,0.8,0.8,0.4654499999999999,0.46545,0.46545,0.4654499999999999,0.75,0.5,0.5,0.5,,
4A87g,1,1,1,1,1,1,0.8,0.8,0.5924699999999999,0.5924699999999999,0.5924699999999999,0.5924699999999999,0.95,0.5,0.5,0.8,,
4A88h,1,1,1,1,1,1,0.7,0.7,0.4427499999999999,0.4427499999999999,0.4427499999999999,0.4427499999999999,0.8,0.5,0.5,0.5,,
4A8Ic,1,1,1,1,1,1,0.8,0.8,0.5924699999999999,0.5924699999999999,0.5924699999999999,0.5924699999999999,0.95,0.5,0.5,0.8,,
4A8J8,1,1,1,1,1,1,0.7,0.7,0.4427499999999999,0.4427499999999999,0.4427499999999999,0.4427499999999999,0.8,0.5,0.5,0.5,,
4A8Jf,1,1,1,1,1,1,0.8,0.8,0.4654499999999999,0.46545,0.46545,0.4654499999999999,0.75,0.5,0.5,0.5,,
4A8M6,1,1,1,1,1,1,0.7,0.7,0.4427499999999999,0.4427499999999999,0.4427499999999999,0.4427499999999999,0.8,0.5,0.5,0.5,,
4A8MW,1,1,1,1,1,1,0.7,0.7,0.4427499999999999,0.4427499999999999,0.4427499999999999,0.4427499999999999,0.8,0.5,0.5,0.5,,
4A8Mb,1,1,1,1,1,1,0.8,0.8,0.4654499999999999,0.46545,0.46545,0.4654499999999999,0.75,0.5,0.5,0.5,,
4A8Md,1,1,1,1,1,1,0.8,0.8,0.5924699999999999,0.5924699999999999,0.5924699999999999,0.5924699999999999,0.95,0.5,0.5,0.8,,
4A8Tz,1,1,1,1,1,1,0.7,0.7,0.4427499999999999,0.4427499999999999,0.4427499999999999,0.4427499999999999,0.8,0.5,0.5,0.5,,
4A8Xk,1,1,1,1,1,1,0.8,0.8,0.4654499999999999,0.46545,0.46545,0.4654499999999999,0.75,0.5,0.5,0.5,,
4A8YM,1,1,1,1,1,1,0.5,0.5,0.3105,0.3105,0.3105,0.3105,0.5,0.5,0.5,0.5,,
4A8d4,1,1,1,1,1,1,0.5,0.5,0.0,0.0,0.0,0.0,0.0,0.0,0.0,0.0,,
4A8gt,1,1,1,1,1,1,0.7,0.7,0.4427499999999999,0.4427499999999999,0.4427499999999999,0.4427499999999999,0.8,0.5,0.5,0.5,,
4A8hS,1,1,1,1,1,1,0.8,0.8,0.4654499999999999,0.46545,0.46545,0.4654499999999999,0.75,0.5,0.5,0.5,,
4A8jm,1,1,1,1,1,1,0.8,0.8,0.5924699999999999,0.5924699999999999,0.5924699999999999,0.5924699999999999,0.95,0.5,0.5,0.8,,
4A8kG,1,0,0,0,0,0,,,,,,,,,,,,
4A8kH,1,1,1,1,1,1,0.9,0.9,0.636735,0.636735,0.636735,0.636735,0.85,0.8,0.5,0.7,,
4A8yO,1,1,1,1,1,1,0.8,0.8,0.4654499999999999,0.46545,0.46545,0.4654499999999999,0.75,0.5,0.5,0.5,,
4A90C,1,1,1,1,1,1,0.8,0.8,0.4654499999999999,0.46545,0.46545,0.4654499999999999,0.75,0.5,0.5,0.5,,
4A90z,1,1,1,1,1,1,0.8,0.8,0.4654499999999999,0.46545,0.46545,0.4654499999999999,0.75,0.5,0.5,0.5,,
4A95V,1,1,1,1,1,1,0.8,0.8,0.4654499999999999,0.46545,0.46545,0.4654499999999999,0.75,0.5,0.5,0.5,,
4A994,1,1,1,1,1,1,0.7,0.7,0.4427499999999999,0.4427499999999999,0.4427499999999999,0.4427499999999999,0.8,0.5,0.5,0.5,,
4A99L,1,1,1,1,1,1,0.8,0.8,0.4654499999999999,0.46545,0.46545,0.4654499999999999,0.75,0.5,0.5,0.5,,
4A9B3,1,1,1,1,1,1,0.8,0.8,0.5924699999999999,0.5924699999999999,0.5924699999999999,0.5924699999999999,0.95,0.5,0.5,0.8,,
4A9Bz,1,1,1,1,1,1,0.8,0.8,0.4654499999999999,0.46545,0.46545,0.4654499999999999,0.75,0.5,0.5,0.5,,
4A9Dz,1,1,1,1,1,1,0.7,0.7,0.4427499999999999,0.4427499999999999,0.4427499999999999,0.4427499999999999,0.8,0.5,0.5,0.5,,
4A9Iq,1,1,1,1,1,1,0.8,0.8,0.5307000000000001,0.5307000000000001,0.5307000000000001,0.5307000000000001,1.0,0.5,0.5,0.5,,
4A9Kv,1,1,1,1,1,1,0.7,0.7,0.4427499999999999,0.4427499999999999,0.4427499999999999,0.4427499999999999,0.8,0.5,0.5,0.5,,
4A9Ws,1,1,1,1,1,1,0.8,0.8,0.5924699999999999,0.5924699999999999,0.5924699999999999,0.5924699999999999,0.95,0.5,0.5,0.8,,
4A9Zv,1,1,1,1,1,1,0.7,0.7,0.4427499999999999,0.4427499999999999,0.4427499999999999,0.4427499999999999,0.8,0.5,0.5,0.5,,
4A9bV,1,1,1,1,1,1,0.8,0.8,0.5924699999999999,0.5924699999999999,0.5924699999999999,0.5924699999999999,0.95,0.5,0.5,0.8,,
4A9eR,1,1,1,1,1,1,0.8,0.8,0.4654499999999999,0.46545,0.46545,0.4654499999999999,0.75,0.5,0.5,0.5,,
4A9gK,1,1,1,1,1,1,0.8,0.8,0.4654499999999999,0.46545,0.46545,0.4654499999999999,0.75,0.5,0.5,0.5,,
4A9gS,1,1,1,1,1,1,0.7,0.7,0.4427499999999999,0.4427499999999999,0.4427499999999999,0.4427499999999999,0.8,0.5,0.5,0.5,,
4A9k0,1,1,1,1,1,1,0.7,0.7,0.4427499999999999,0.4427499999999999,0.4427499999999999,0.4427499999999999,0.8,0.5,0.5,0.5,,
4A9nP,1,1,1,1,1,1,0.7,0.7,0.4427499999999999,0.4427499999999999,0.4427499999999999,0.4427499999999999,0.8,0.5,0.5,0.5,,
4A9nZ,1,1,1,1,1,1,0.7,0.7,0.4427499999999999,0.4427499999999999,0.4427499999999999,0.4427499999999999,0.8,0.5,0.5,0.5,,
4A9po,1,1,1,1,1,1,0.8,0.8,0.4654499999999999,0.46545,0.46545,0.4654499999999999,0.75,0.5,0.5,0.5,,
4A9qp,1,1,1,1,1,1,0.8,0.8,0.4654499999999999,0.46545,0.46545,0.4654499999999999,0.75,0.5,0.5,0.5,,
4Aa1K,1,1,1,1,1,1,0.95,0.95,0.7140150000000002,0.7140150000000002,0.7140150000000002,0.7140150000000002,0.8,0.8,0.5,0.7,0.9,
4Aa2S,1,1,1,1,1,1,0.8,0.8,0.4654499999999999,0.46545,0.46545,0.4654499999999999,0.75,0.5,0.5,0.5,,
4Aa5p,1,1,1,1,1,1,0.7,0.7,0.4427499999999999,0.4427499999999999,0.4427499999999999,0.4427499999999999,0.8,0.5,0.5,0.5,,
4Aa9E,1,1,1,1,1,1,0.7,0.7,0.4427499999999999,0.4427499999999999,0.4427499999999999,0.4427499999999999,0.8,0.5,0.5,0.5,,
4Aa9v,1,1,1,1,1,1,0.7,0.7,0.4427499999999999,0.4427499999999999,0.4427499999999999,0.4427499999999999,0.8,0.5,0.5,0.5,,
4AaA0,1,1,1,1,1,1,0.7,0.7,0.4427499999999999,0.4427499999999999,0.4427499999999999,0.4427499999999999,0.8,0.5,0.5,0.5,,
4AaBW,1,1,1,1,1,1,0.7,0.7,0.4427499999999999,0.4427499999999999,0.4427499999999999,0.4427499999999999,0.8,0.5,0.5,0.5,,
4AaFh,1,1,1,1,1,1,0.8,0.8,0.5924699999999999,0.5924699999999999,0.5924699999999999,0.5924699999999999,0.95,0.5,0.5,0.8,,
4AaGy,1,1,1,1,1,1,0.8,0.8,0.4654499999999999,0.46545,0.46545,0.4654499999999999,0.75,0.5,0.5,0.5,,
4AaIM,1,1,1,1,1,1,0.8,0.8,0.5924699999999999,0.5924699999999999,0.5924699999999999,0.5924699999999999,0.95,0.5,0.5,0.8,,
4AaKQ,1,1,1,1,1,1,0.8,0.8,0.5924699999999999,0.5924699999999999,0.5924699999999999,0.5924699999999999,0.95,0.5,0.5,0.8,,
4AaOU,1,1,1,1,1,1,0.8,0.8,0.5924699999999999,0.5924699999999999,0.5924699999999999,0.5924699999999999,0.95,0.5,0.5,0.8,,
4AaOy,1,1,1,1,1,1,0.5,0.5,0.2025,0.2025,0.2025,0.2025,1.0,0.0,0.0,0.0,,
4AaUv,1,1,1,1,1,1,0.7,0.7,0.4427499999999999,0.4427499999999999,0.4427499999999999,0.4427499999999999,0.8,0.5,0.5,0.5,,
4AaWd,1,1,1,1,1,1,0.8,0.8,0.5924699999999999,0.5924699999999999,0.5924699999999999,0.5924699999999999,0.95,0.5,0.5,0.8,,
4AaaR,1,1,1,1,1,1,0.7,0.7,0.4427499999999999,0.4427499999999999,0.4427499999999999,0.4427499999999999,0.8,0.5,0.5,0.5,,
4AalS,1,1,1,1,1,1,0.8,0.8,0.5924699999999999,0.5924699999999999,0.5924699999999999,0.5924699999999999,0.95,0.5,0.5,0.8,,
4Aand,1,1,1,1,1,1,0.8,0.8,0.4654499999999999,0.46545,0.46545,0.4654499999999999,0.75,0.5,0.5,0.5,,
4AapY,1,1,1,1,1,1,0.7,0.7,0.4427499999999999,0.4427499999999999,0.4427499999999999,0.4427499999999999,0.8,0.5,0.5,0.5,,
4AatH,1,1,1,1,1,1,0.7,0.7,0.49105,0.49105000000000004,0.49105000000000004,0.49105,1.0,0.5,0.5,0.5,,
4AatJ,1,1,1,1,1,1,0.8,0.8,0.4654499999999999,0.46545,0.46545,0.4654499999999999,0.75,0.5,0.5,0.5,,
4AatK,1,1,1,1,1,1,0.8,0.8,0.4654499999999999,0.46545,0.46545,0.4654499999999999,0.75,0.5,0.5,0.5,,
4AatL,1,1,1,1,1,1,0.7,0.7,0.4427499999999999,0.4427499999999999,0.4427499999999999,0.4427499999999999,0.8,0.5,0.5,0.5,,
4Aax3,1,1,1,1,1,1,0.8,0.8,0.4654499999999999,0.46545,0.46545,0.4654499999999999,0.75,0.5,0.5,0.5,,
4Ab0l,1,1,1,1,1,1,0.8,0.8,0.5924699999999999,0.5924699999999999,0.5924699999999999,0.5924699999999999,0.95,0.5,0.5,0.8,,
4Ab5L,1,1,1,1,1,1,0.8,0.8,0.4654499999999999,0.46545,0.46545,0.4654499999999999,0.75,0.5,0.5,0.5,,
4Ab5R,1,1,1,1,1,1,0.8,0.8,0.4654499999999999,0.46545,0.46545,0.4654499999999999,0.75,0.5,0.5,0.5,,
4Ab6E,1,1,1,1,1,1,0.5,0.5,0.0,0.0,0.0,0.0,0.0,0.0,0.0,0.0,,
4Ab91,1,1,1,1,1,1,0.7,0.7,0.4427499999999999,0.4427499999999999,0.4427499999999999,0.4427499999999999,0.8,0.5,0.5,0.5,,
4AbDg,1,1,1,1,1,1,0.8,0.8,0.4654499999999999,0.46545,0.46545,0.4654499999999999,0.75,0.5,0.5,0.5,,
4AbGo,1,1,1,1,1,1,0.7,0.7,0.49105,0.49105000000000004,0.49105000000000004,0.49105,1.0,0.5,0.5,0.5,,
4AbHM,1,1,1,1,1,1,0.8,0.8,0.4654499999999999,0.46545,0.46545,0.4654499999999999,0.75,0.5,0.5,0.5,,
4AbK6,1,1,1,1,1,1,0.7,0.7,0.5361300000000001,0.5361300000000001,0.5361300000000001,0.5361300000000001,0.8,0.8,0.5,0.7,,
4AbKl,1,1,1,1,1,1,0.7,0.7,0.4427499999999999,0.4427499999999999,0.4427499999999999,0.4427499999999999,0.8,0.5,0.5,0.5,,
4AbMv,1,1,1,1,1,1,0.8,0.8,0.5924699999999999,0.5924699999999999,0.5924699999999999,0.5924699999999999,0.95,0.5,0.5,0.8,,
4AbT8,1,1,1,1,1,1,0.8,0.8,0.4654499999999999,0.46545,0.46545,0.4654499999999999,0.75,0.5,0.5,0.5,,
4AbWF,1,1,1,1,1,1,0.8,0.8,0.4654499999999999,0.46545,0.46545,0.4654499999999999,0.75,0.5,0.5,0.5,,
4AbXt,1,1,1,1,1,1,0.8,0.8,0.4654499999999999,0.46545,0.46545,0.4654499999999999,0.75,0.5,0.5,0.5,,
4AbYZ,1,1,1,1,1,1,0.7,0.7,0.5763800000000001,0.5763800000000001,0.5763800000000001,0.5763800000000001,0.9,0.8,0.5,0.7,,
4AbYl,1,1,1,1,1,1,0.8,0.8,0.4654499999999999,0.46545,0.46545,0.4654499999999999,0.75,0.5,0.5,0.5,,
4AbZh,1,1,1,1,1,1,0.8,0.8,0.5924699999999999,0.5924699999999999,0.5924699999999999,0.5924699999999999,0.95,0.5,0.5,0.8,,
4Abjw,1,1,1,1,1,1,0.8,0.8,0.5924699999999999,0.5924699999999999,0.5924699999999999,0.5924699999999999,0.95,0.5,0.5,0.8,,
4AbkA,1,1,1,1,1,1,0.8,0.8,0.4654499999999999,0.46545,0.46545,0.4654499999999999,0.75,0.5,0.5,0.5,,
4Abme,1,1,1,1,1,1,0.8,0.8,0.4654499999999999,0.46545,0.46545,0.4654499999999999,0.75,0.5,0.5,0.5,,
4AbpW,1,1,1,1,1,1,0.8,0.8,0.59595,0.59595,0.59595,0.59595,0.95,0.5,0.5,0.8,,
4Abwv,1,1,1,1,1,1,0.8,0.8,0.5924699999999999,0.5924699999999999,0.5924699999999999,0.5924699999999999,0.95,0.5,0.5,0.8,,
4Ac6r,1,1,1,1,1,1,0.7,0.7,0.4427499999999999,0.4427499999999999,0.4427499999999999,0.4427499999999999,0.8,0.5,0.5,0.5,,
4AcEn,1,1,1,1,1,1,0.7,0.7,0.4427499999999999,0.4427499999999999,0.4427499999999999,0.4427499999999999,0.8,0.5,0.5,0.5,,
4AcUy,1,1,1,1,1,1,0.8,0.8,0.4654499999999999,0.46545,0.46545,0.4654499999999999,0.75,0.5,0.5,0.5,,
4AcW8,1,1,1,1,1,1,0.8,0.8,0.4654499999999999,0.46545,0.46545,0.4654499999999999,0.75,0.5,0.5,0.5,,
4AcWE,1,1,1,1,1,1,0.8,0.8,0.4654499999999999,0.46545,0.46545,0.4654499999999999,0.75,0.5,0.5,0.5,,
4AcWq,1,1,1,1,1,1,0.8,0.8,0.5924699999999999,0.5924699999999999,0.5924699999999999,0.5924699999999999,0.95,0.5,0.5,0.8,,
4AcWu,1,1,1,1,1,1,0.8,0.8,0.4654499999999999,0.46545,0.46545,0.4654499999999999,0.75,0.5,0.5,0.5,,
4AcfW,1,1,1,1,1,1,0.8,0.8,0.5924699999999999,0.5924699999999999,0.5924699999999999,0.5924699999999999,0.95,0.5,0.5,0.8,,
4Acj0,1,1,1,1,1,1,0.7,0.7,0.4427499999999999,0.4427499999999999,0.4427499999999999,0.4427499999999999,0.8,0.5,0.5,0.5,,
4AcsK,1,1,1,1,1,1,0.8,0.8,0.5924699999999999,0.5924699999999999,0.5924699999999999,0.5924699999999999,0.95,0.5,0.5,0.8,,
4Acuc,1,1,1,1,1,1,0.8,0.8,0.5924699999999999,0.5924699999999999,0.5924699999999999,0.5924699999999999,0.95,0.5,0.5,0.8,,
4AcwF,1,1,1,1,1,1,0.7,0.7,0.4427499999999999,0.4427499999999999,0.4427499999999999,0.4427499999999999,0.8,0.5,0.5,0.5,,
4Acwh,1,1,1,1,1,1,0.8,0.8,0.4654499999999999,0.46545,0.46545,0.4654499999999999,0.75,0.5,0.5,0.5,,
4AdJx,1,1,1,1,1,1,0.9,0.9,0.636735,0.636735,0.636735,0.636735,0.85,0.8,0.5,0.7,,
4AdKg,1,1,1,1,1,1,0.5,0.5,0.2025,0.2025,0.2025,0.2025,1.0,0.0,0.0,0.0,,
4AdLQ,1,1,1,1,1,1,0.7,0.7,0.4427499999999999,0.4427499999999999,0.4427499999999999,0.4427499999999999,0.8,0.5,0.5,0.5,,
4AdLy,1,1,1,1,1,1,0.8,0.8,0.5924699999999999,0.5924699999999999,0.5924699999999999,0.5924699999999999,0.95,0.5,0.5,0.8,,
4AdM3,1,1,1,1,1,1,0.8,0.8,0.4654499999999999,0.46545,0.46545,0.4654499999999999,0.75,0.5,0.5,0.5,,
4AdM8,1,1,1,1,1,1,0.8,0.8,0.59595,0.59595,0.59595,0.59595,0.95,0.5,0.5,0.8,,
4AdMH,1,1,1,1,1,1,0.7,0.7,0.4427499999999999,0.4427499999999999,0.4427499999999999,0.4427499999999999,0.8,0.5,0.5,0.5,,
4AdMO,1,1,1,1,1,1,0.8,0.8,0.5924699999999999,0.5924699999999999,0.5924699999999999,0.5924699999999999,0.95,0.5,0.5,0.8,,
4AdNo,1,1,1,1,1,1,0.7,0.7,0.4427499999999999,0.4427499999999999,0.4427499999999999,0.4427499999999999,0.8,0.5,0.5,0.5,,
4AdR5,1,1,1,1,1,1,0.8,0.8,0.4654499999999999,0.46545,0.46545,0.4654499999999999,0.75,0.5,0.5,0.5,,
4AdR6,1,1,1,1,1,1,0.8,0.8,0.5924699999999999,0.5924699999999999,0.5924699999999999,0.5924699999999999,0.95,0.5,0.5,0.8,,
4AdR7,1,1,1,1,1,1,0.5,0.5,0.2025,0.2025,0.2025,0.2025,1.0,0.0,0.0,0.0,,
4AdTG,1,1,1,1,1,1,0.5,0.5,0.0,0.0,0.0,0.0,0.0,0.0,0.0,0.0,,
4AdUN,1,1,1,1,1,1,0.5,0.5,0.2025,0.2025,0.2025,0.2025,1.0,0.0,0.0,0.0,,
4Adac,1,1,1,1,1,1,0.8,0.8,0.5924699999999999,0.5924699999999999,0.5924699999999999,0.5924699999999999,0.95,0.5,0.5,0.8,,
4AdmS,1,1,1,1,1,1,0.8,0.8,0.5924699999999999,0.5924699999999999,0.5924699999999999,0.5924699999999999,0.95,0.5,0.5,0.8,,
4AdnG,1,1,1,1,1,1,0.8,0.8,0.59595,0.59595,0.59595,0.59595,0.95,0.5,0.5,0.8,,
4AdrQ,1,1,1,1,1,1,0.5,0.5,0.0,0.0,0.0,0.0,0.0,0.0,0.0,0.0,,
4Ads8,1,1,1,1,1,1,0.7,0.7,0.4427499999999999,0.4427499999999999,0.4427499999999999,0.4427499999999999,0.8,0.5,0.5,0.5,,
4Adt8,1,1,1,1,1,1,0.8,0.8,0.5924699999999999,0.5924699999999999,0.5924699999999999,0.5924699999999999,0.95,0.5,0.5,0.8,,
4AdwG,1,1,1,1,1,1,0.7,0.7,0.4427499999999999,0.4427499999999999,0.4427499999999999,0.4427499999999999,0.8,0.5,0.5,0.5,,
4Adws,1,1,1,1,1,1,0.7,0.7,0.4427499999999999,0.4427499999999999,0.4427499999999999,0.4427499999999999,0.8,0.5,0.5,0.5,,
4AdxM,1,1,1,1,1,1,0.8,0.8,0.4654499999999999,0.46545,0.46545,0.4654499999999999,0.75,0.5,0.5,0.5,,
4Ady7,1,1,1,1,1,1,0.7,0.7,0.4427499999999999,0.4427499999999999,0.4427499999999999,0.4427499999999999,0.8,0.5,0.5,0.5,,
4Ady8,1,1,1,1,1,1,0.7,0.7,0.4427499999999999,0.4427499999999999,0.4427499999999999,0.4427499999999999,0.8,0.5,0.5,0.5,,
4Ae0x,1,1,1,1,1,1,0.8,0.8,0.4654499999999999,0.46545,0.46545,0.4654499999999999,0.75,0.5,0.5,0.5,,
4AeEz,1,1,1,1,1,1,0.8,0.8,0.5924699999999999,0.5924699999999999,0.5924699999999999,0.5924699999999999,0.95,0.5,0.5,0.8,,
4AeIC,1,1,1,1,1,1,0.8,0.8,0.4654499999999999,0.46545,0.46545,0.4654499999999999,0.75,0.5,0.5,0.5,,
4AeLI,1,1,1,1,1,1,0.8,0.8,0.4654499999999999,0.46545,0.46545,0.4654499999999999,0.75,0.5,0.5,0.5,,
4AeN2,1,1,1,1,1,1,0.8,0.8,0.6055200000000002,0.6055200000000002,0.6055200000000002,0.6055200000000002,0.9,0.8,0.5,0.7,,
4AeVU,1,1,1,1,1,1,0.7,0.7,0.4427499999999999,0.4427499999999999,0.4427499999999999,0.4427499999999999,0.8,0.5,0.5,0.5,,
4AeWN,1,1,1,1,1,1,0.8,0.8,0.4654499999999999,0.46545,0.46545,0.4654499999999999,0.75,0.5,0.5,0.5,,
4AeWp,1,1,1,1,1,1,0.7,0.7,0.4427499999999999,0.4427499999999999,0.4427499999999999,0.4427499999999999,0.8,0.5,0.5,0.5,,
4Aec9,1,1,1,1,1,1,0.8,0.8,0.8003999999999999,0.8003999999999999,0.8003999999999999,0.8003999999999999,1.0,1.0,0.5,1.0,1.0,
4Aed4,1,1,1,1,1,1,0.8,0.8,0.4654499999999999,0.46545,0.46545,0.4654499999999999,0.75,0.5,0.5,0.5,,
4Aegp,1,1,1,1,1,1,0.8,0.8,0.5924699999999999,0.5924699999999999,0.5924699999999999,0.5924699999999999,0.95,0.5,0.5,0.8,,
4AejH,1,1,1,1,1,1,0.8,0.8,0.5924699999999999,0.5924699999999999,0.5924699999999999,0.5924699999999999,0.95,0.5,0.5,0.8,,
4Aemm,1,1,1,1,1,1,0.7,0.7,0.4427499999999999,0.4427499999999999,0.4427499999999999,0.4427499999999999,0.8,0.5,0.5,0.5,,
4Aen0,1,1,1,1,1,1,0.8,0.8,0.5924699999999999,0.5924699999999999,0.5924699999999999,0.5924699999999999,0.95,0.5,0.5,0.8,,
4AetG,1,1,1,1,1,1,0.9,0.9,0.6227100000000002,0.6227100000000002,0.6227100000000002,0.6227100000000002,0.8,0.8,0.5,0.7,,
4Aew9,1,1,1,1,1,1,0.8,0.8,0.5924699999999999,0.5924699999999999,0.5924699999999999,0.5924699999999999,0.95,0.5,0.5,0.8,,
4AewQ,1,1,1,1,1,1,0.7,0.7,0.4427499999999999,0.4427499999999999,0.4427499999999999,0.4427499999999999,0.8,0.5,0.5,0.5,,
4Aexc,1,1,1,1,1,1,0.8,0.8,0.5924699999999999,0.5924699999999999,0.5924699999999999,0.5924699999999999,0.95,0.5,0.5,0.8,,
4Af1I,1,1,1,1,1,1,0.8,0.8,0.4654499999999999,0.46545,0.46545,0.4654499999999999,0.75,0.5,0.5,0.5,,
4Af4q,1,1,1,1,1,1,0.8,0.8,0.5924699999999999,0.5924699999999999,0.5924699999999999,0.5924699999999999,0.95,0.5,0.5,0.8,,
4Af9Z,1,1,1,1,1,1,0.8,0.8,0.5924699999999999,0.5924699999999999,0.5924699999999999,0.5924699999999999,0.95,0.5,0.5,0.8,,
4Af9i,1,1,1,1,1,1,0.5,0.5,0.2025,0.2025,0.2025,0.2025,1.0,0.0,0.0,0.0,,
4AfAu,1,1,1,1,1,1,0.8,0.8,0.5924699999999999,0.5924699999999999,0.5924699999999999,0.5924699999999999,0.95,0.5,0.5,0.8,,
4AfF5,1,1,1,1,1,1,0.8,0.8,0.4654499999999999,0.46545,0.46545,0.4654499999999999,0.75,0.5,0.5,0.5,,
4AfMw,1,1,1,1,1,1,0.8,0.8,0.5924699999999999,0.5924699999999999,0.5924699999999999,0.5924699999999999,0.95,0.5,0.5,0.8,,
4AfQ4,1,1,1,1,1,1,0.7,0.7,0.4427499999999999,0.4427499999999999,0.4427499999999999,0.4427499999999999,0.8,0.5,0.5,0.5,,
4AfS3,1,1,1,1,1,1,0.5,0.5,0.2025,0.2025,0.2025,0.2025,1.0,0.0,0.0,0.0,,
4AfTK,1,1,1,1,1,1,0.7,0.7,0.4427499999999999,0.4427499999999999,0.4427499999999999,0.4427499999999999,0.8,0.5,0.5,0.5,,
4AfTX,1,1,1,1,1,1,0.8,0.8,0.4654499999999999,0.46545,0.46545,0.4654499999999999,0.75,0.5,0.5,0.5,,
4AfUC,1,1,1,1,1,1,0.8,0.8,0.5924699999999999,0.5924699999999999,0.5924699999999999,0.5924699999999999,0.95,0.5,0.5,0.8,,
4AfWO,1,1,1,1,1,1,0.8,0.8,0.4654499999999999,0.46545,0.46545,0.4654499999999999,0.75,0.5,0.5,0.5,,
4AfWS,1,1,1,1,1,1,0.7,0.7,0.4427499999999999,0.4427499999999999,0.4427499999999999,0.4427499999999999,0.8,0.5,0.5,0.5,,
4AfWl,1,1,1,1,1,1,0.8,0.8,0.4654499999999999,0.46545,0.46545,0.4654499999999999,0.75,0.5,0.5,0.5,,
4AfXQ,1,1,1,1,1,1,0.8,0.8,0.4654499999999999,0.46545,0.46545,0.4654499999999999,0.75,0.5,0.5,0.5,,
4AfXm,1,1,1,1,1,1,0.8,0.8,0.7307999999999999,0.7307999999999999,0.7307999999999999,0.7307999999999999,1.0,1.0,0.5,1.0,,
4AfYP,1,1,1,1,1,1,0.7,0.7,0.4427499999999999,0.4427499999999999,0.4427499999999999,0.4427499999999999,0.8,0.5,0.5,0.5,,
4Afap,1,1,1,1,1,1,0.8,0.8,0.4654499999999999,0.46545,0.46545,0.4654499999999999,0.75,0.5,0.5,0.5,,
4AfbW,1,1,1,1,1,1,0.7,0.7,0.4427499999999999,0.4427499999999999,0.4427499999999999,0.4427499999999999,0.8,0.5,0.5,0.5,,
4AfdX,1,1,1,1,1,1,0.7,0.7,0.4427499999999999,0.4427499999999999,0.4427499999999999,0.4427499999999999,0.8,0.5,0.5,0.5,,
4AffF,1,1,1,1,1,1,0.7,0.7,0.4427499999999999,0.4427499999999999,0.4427499999999999,0.4427499999999999,0.8,0.5,0.5,0.5,,
4Afha,1,1,1,1,1,1,0.7,0.7,0.4427499999999999,0.4427499999999999,0.4427499999999999,0.4427499999999999,0.8,0.5,0.5,0.5,,
4Afmn,1,1,1,1,1,1,0.8,0.8,0.5924699999999999,0.5924699999999999,0.5924699999999999,0.5924699999999999,0.95,0.5,0.5,0.8,,
4Afoh,1,1,1,1,1,1,0.7,0.7,0.4427499999999999,0.4427499999999999,0.4427499999999999,0.4427499999999999,0.8,0.5,0.5,0.5,,
4Aft7,1,1,1,1,1,1,0.7,0.7,0.4427499999999999,0.4427499999999999,0.4427499999999999,0.4427499999999999,0.8,0.5,0.5,0.5,,
4Afu6,1,1,1,1,1,1,0.7,0.7,0.4427499999999999,0.4427499999999999,0.4427499999999999,0.4427499999999999,0.8,0.5,0.5,0.5,,
4Afux,1,1,1,1,1,1,0.7,0.7,0.4427499999999999,0.4427499999999999,0.4427499999999999,0.4427499999999999,0.8,0.5,0.5,0.5,,
4Afx5,1,1,1,1,1,1,0.7,0.7,0.4427499999999999,0.4427499999999999,0.4427499999999999,0.4427499999999999,0.8,0.5,0.5,0.5,,
4Ag5s,1,1,1,1,1,1,0.8,0.8,0.4654499999999999,0.46545,0.46545,0.4654499999999999,0.75,0.5,0.5,0.5,,
4Ag73,1,1,1,1,1,1,0.7,0.7,0.4427499999999999,0.4427499999999999,0.4427499999999999,0.4427499999999999,0.8,0.5,0.5,0.5,,
4AgBT,1,1,1,1,1,1,0.7,0.7,0.4427499999999999,0.4427499999999999,0.4427499999999999,0.4427499999999999,0.8,0.5,0.5,0.5,,
4AgHw,1,1,1,1,1,1,0.8,0.8,0.5924699999999999,0.5924699999999999,0.5924699999999999,0.5924699999999999,0.95,0.5,0.5,0.8,,
4AgIy,1,1,1,1,1,1,0.8,0.8,0.4654499999999999,0.46545,0.46545,0.4654499999999999,0.75,0.5,0.5,0.5,,
4AgS6,1,1,1,1,1,1,0.8,0.8,0.4654499999999999,0.46545,0.46545,0.4654499999999999,0.75,0.5,0.5,0.5,,
4AgU2,1,1,1,1,1,1,0.7,0.7,0.4427499999999999,0.4427499999999999,0.4427499999999999,0.4427499999999999,0.8,0.5,0.5,0.5,,
4AgVh,1,1,1,1,1,1,0.7,0.7,0.4427499999999999,0.4427499999999999,0.4427499999999999,0.4427499999999999,0.8,0.5,0.5,0.5,,
4Agj8,1,0,0,0,0,0,,,,,,,,,,,,
4Agjn,1,1,1,1,1,1,0.7,0.7,0.4427499999999999,0.4427499999999999,0.4427499999999999,0.4427499999999999,0.8,0.5,0.5,0.5,,
4AgmC,1,1,1,1,1,1,0.7,0.7,0.4427499999999999,0.4427499999999999,0.4427499999999999,0.4427499999999999,0.8,0.5,0.5,0.5,,
4Ags3,1,1,1,1,1,1,0.8,0.8,0.4654499999999999,0.46545,0.46545,0.4654499999999999,0.75,0.5,0.5,0.5,,
4Agv3,1,1,1,1,1,1,0.8,0.8,0.4654499999999999,0.46545,0.46545,0.4654499999999999,0.75,0.5,0.5,0.5,,
4AgyT,1,1,1,1,1,1,0.8,0.8,0.59595,0.59595,0.59595,0.59595,0.95,0.5,0.5,0.8,,
4Ah5y,1,1,1,1,1,1,0.7,0.7,0.4427499999999999,0.4427499999999999,0.4427499999999999,0.4427499999999999,0.8,0.5,0.5,0.5,,
4AhBa,1,1,1,1,1,1,0.8,0.8,0.5924699999999999,0.5924699999999999,0.5924699999999999,0.5924699999999999,0.95,0.5,0.5,0.8,,
4AhDL,1,1,1,1,1,1,0.8,0.8,0.4654499999999999,0.46545,0.46545,0.4654499999999999,0.75,0.5,0.5,0.5,,
4AhHL,1,1,1,1,1,1,0.7,0.7,0.4427499999999999,0.4427499999999999,0.4427499999999999,0.4427499999999999,0.8,0.5,0.5,0.5,,
4AhIM,1,1,1,1,1,1,0.8,0.8,0.5924699999999999,0.5924699999999999,0.5924699999999999,0.5924699999999999,0.95,0.5,0.5,0.8,,
4AhOL,1,1,1,1,1,1,0.8,0.8,0.4654499999999999,0.46545,0.46545,0.4654499999999999,0.75,0.5,0.5,0.5,,
4AhUP,1,1,1,1,1,1,0.8,0.8,0.6055200000000002,0.6055200000000002,0.6055200000000002,0.6055200000000002,0.9,0.8,0.5,0.7,,
4AhYH,1,1,1,1,1,1,0.7,0.7,0.4427499999999999,0.4427499999999999,0.4427499999999999,0.4427499999999999,0.8,0.5,0.5,0.5,,
4AhZV,1,1,1,1,1,1,0.7,0.7,0.4427499999999999,0.4427499999999999,0.4427499999999999,0.4427499999999999,0.8,0.5,0.5,0.5,,
4Ahng,1,1,1,1,1,1,0.8,0.8,0.4654499999999999,0.46545,0.46545,0.4654499999999999,0.75,0.5,0.5,0.5,,
4AhpI,1,1,1,1,1,1,0.8,0.8,0.4654499999999999,0.46545,0.46545,0.4654499999999999,0.75,0.5,0.5,0.5,,
4AhpK,1,1,1,1,1,1,0.8,0.8,0.4654499999999999,0.46545,0.46545,0.4654499999999999,0.75,0.5,0.5,0.5,,
4Aht5,1,1,1,1,1,1,0.8,0.8,0.5924699999999999,0.5924699999999999,0.5924699999999999,0.5924699999999999,0.95,0.5,0.5,0.8,,
4AhvW,1,1,1,1,1,1,0.7,0.7,0.4427499999999999,0.4427499999999999,0.4427499999999999,0.4427499999999999,0.8,0.5,0.5,0.5,,
4Ahwd,1,1,1,1,1,1,0.8,0.8,0.4654499999999999,0.46545,0.46545,0.4654499999999999,0.75,0.5,0.5,0.5,,
4Ai0q,1,1,1,1,1,1,0.5,0.5,0.2025,0.2025,0.2025,0.2025,1.0,0.0,0.0,0.0,,
4Ai1a,1,1,1,1,1,1,0.8,0.8,0.5924699999999999,0.5924699999999999,0.5924699999999999,0.5924699999999999,0.95,0.5,0.5,0.8,,
4Ai3F,1,1,1,1,1,1,0.8,0.8,0.5924699999999999,0.5924699999999999,0.5924699999999999,0.5924699999999999,0.95,0.5,0.5,0.8,,
4Ai5u,1,1,1,1,1,1,0.7,0.7,0.4427499999999999,0.4427499999999999,0.4427499999999999,0.4427499999999999,0.8,0.5,0.5,0.5,,
4AiH0,1,1,1,1,1,1,0.8,0.8,0.4654499999999999,0.46545,0.46545,0.4654499999999999,0.75,0.5,0.5,0.5,,
4AiI0,1,1,1,1,1,1,0.8,0.8,0.6055200000000002,0.6055200000000002,0.6055200000000002,0.6055200000000002,0.9,0.8,0.5,0.7,,
4AiK5,1,1,1,1,1,1,0.7,0.7,0.4427499999999999,0.4427499999999999,0.4427499999999999,0.4427499999999999,0.8,0.5,0.5,0.5,,
4AiK7,1,1,1,1,1,1,0.8,0.8,0.4654499999999999,0.46545,0.46545,0.4654499999999999,0.75,0.5,0.5,0.5,,
4AiMg,1,1,1,1,1,1,0.8,0.8,0.4654499999999999,0.46545,0.46545,0.4654499999999999,0.75,0.5,0.5,0.5,,
4AiQf,1,1,1,1,1,1,0.8,0.8,0.5924699999999999,0.5924699999999999,0.5924699999999999,0.5924699999999999,0.95,0.5,0.5,0.8,,
4AiU9,1,1,1,1,1,1,0.8,0.8,0.5924699999999999,0.5924699999999999,0.5924699999999999,0.5924699999999999,0.95,0.5,0.5,0.8,,
4AiZT,1,1,1,1,1,1,0.8,0.8,0.4654499999999999,0.46545,0.46545,0.4654499999999999,0.75,0.5,0.5,0.5,,
4AiaK,1,1,1,1,1,1,0.8,0.8,0.5924699999999999,0.5924699999999999,0.5924699999999999,0.5924699999999999,0.95,0.5,0.5,0.8,,
4Aibp,1,1,1,1,1,1,0.8,0.8,0.4654499999999999,0.46545,0.46545,0.4654499999999999,0.75,0.5,0.5,0.5,,
4Aidg,1,1,1,1,1,1,0.8,0.8,0.5924699999999999,0.5924699999999999,0.5924699999999999,0.5924699999999999,0.95,0.5,0.5,0.8,,
4Aill,1,1,1,1,1,1,0.8,0.8,0.4654499999999999,0.46545,0.46545,0.4654499999999999,0.75,0.5,0.5,0.5,,
4Aimq,1,1,1,1,1,1,0.8,0.8,0.4654499999999999,0.46545,0.46545,0.4654499999999999,0.75,0.5,0.5,0.5,,
4AipG,1,1,1,1,1,1,0.8,0.8,0.4654499999999999,0.46545,0.46545,0.4654499999999999,0.75,0.5,0.5,0.5,,
4AipZ,1,1,1,1,1,1,0.8,0.8,0.5924699999999999,0.5924699999999999,0.5924699999999999,0.5924699999999999,0.95,0.5,0.5,0.8,,
4Aivm,1,1,1,1,1,1,0.7,0.7,0.4427499999999999,0.4427499999999999,0.4427499999999999,0.4427499999999999,0.8,0.5,0.5,0.5,,
4Aivr,1,1,1,1,1,1,0.8,0.8,0.5924699999999999,0.5924699999999999,0.5924699999999999,0.5924699999999999,0.95,0.5,0.5,0.8,,
4Aj2u,1,1,1,1,1,1,0.8,0.8,0.5924699999999999,0.5924699999999999,0.5924699999999999,0.5924699999999999,0.95,0.5,0.5,0.8,,
4Aj3u,1,1,1,1,1,1,0.7,0.7,0.4427499999999999,0.4427499999999999,0.4427499999999999,0.4427499999999999,0.8,0.5,0.5,0.5,,
4Aj5M,1,1,1,1,1,1,0.8,0.8,0.4654499999999999,0.46545,0.46545,0.4654499999999999,0.75,0.5,0.5,0.5,,
4Aj8l,1,1,1,1,1,1,0.8,0.8,0.4654499999999999,0.46545,0.46545,0.4654499999999999,0.75,0.5,0.5,0.5,,
4AjB2,1,1,1,1,1,1,0.8,0.8,0.5924699999999999,0.5924699999999999,0.5924699999999999,0.5924699999999999,0.95,0.5,0.5,0.8,,
4AjCH,1,1,1,1,1,1,0.7,0.7,0.4427499999999999,0.4427499999999999,0.4427499999999999,0.4427499999999999,0.8,0.5,0.5,0.5,,
4AjI4,1,1,1,1,1,1,0.5,0.5,0.2025,0.2025,0.2025,0.2025,1.0,0.0,0.0,0.0,,
4AjMO,1,1,1,1,1,1,0.7,0.7,0.4427499999999999,0.4427499999999999,0.4427499999999999,0.4427499999999999,0.8,0.5,0.5,0.5,,
4AjPh,1,1,1,1,1,1,0.5,0.5,0.0,0.0,0.0,0.0,0.0,0.0,0.0,0.0,,
4AjQt,1,1,1,1,1,1,0.8,0.8,0.4654499999999999,0.46545,0.46545,0.4654499999999999,0.75,0.5,0.5,0.5,,
4AjR9,1,1,1,1,1,1,0.7,0.7,0.4427499999999999,0.4427499999999999,0.4427499999999999,0.4427499999999999,0.8,0.5,0.5,0.5,,
4AjRT,1,1,1,1,1,1,0.9,0.9,0.6227100000000002,0.6227100000000002,0.6227100000000002,0.6227100000000002,0.8,0.8,0.5,0.7,,
4AjZQ,1,1,1,1,1,1,0.8,0.8,0.5924699999999999,0.5924699999999999,0.5924699999999999,0.5924699999999999,0.95,0.5,0.5,0.8,,
4AjaG,1,1,1,1,1,1,0.8,0.8,0.5924699999999999,0.5924699999999999,0.5924699999999999,0.5924699999999999,0.95,0.5,0.5,0.8,,
4Ajau,1,1,1,1,1,1,0.8,0.8,0.4654499999999999,0.46545,0.46545,0.4654499999999999,0.75,0.5,0.5,0.5,,
4Ajdd,1,1,1,1,1,1,0.8,0.8,0.4654499999999999,0.46545,0.46545,0.4654499999999999,0.75,0.5,0.5,0.5,,
4Ajhx,1,1,1,1,1,1,0.8,0.8,0.5924699999999999,0.5924699999999999,0.5924699999999999,0.5924699999999999,0.95,0.5,0.5,0.8,,
4Ajis,1,1,1,1,1,1,0.7,0.7,0.4427499999999999,0.4427499999999999,0.4427499999999999,0.4427499999999999,0.8,0.5,0.5,0.5,,
4Ajju,1,1,1,1,1,1,0.7,0.7,0.4427499999999999,0.4427499999999999,0.4427499999999999,0.4427499999999999,0.8,0.5,0.5,0.5,,
4Ajkj,1,1,1,1,1,1,0.5,0.5,0.0,0.0,0.0,0.0,0.0,0.0,0.0,0.0,,
4Ajl0,1,0,0,0,0,0,,,,,,,,,,,,
4AjnI,1,1,1,1,1,1,0.8,0.8,0.5924699999999999,0.5924699999999999,0.5924699999999999,0.5924699999999999,0.95,0.5,0.5,0.8,,
4AjsC,1,1,1,1,1,1,0.8,0.8,0.4654499999999999,0.46545,0.46545,0.4654499999999999,0.75,0.5,0.5,0.5,,
4AjvT,1,0,0,0,0,0,,,,,,,,,,,,
4Ajvf,1,1,1,1,1,1,0.7,0.7,0.4427499999999999,0.4427499999999999,0.4427499999999999,0.4427499999999999,0.8,0.5,0.5,0.5,,
4Ajvx,1,1,1,1,1,1,0.7,0.7,0.4427499999999999,0.4427499999999999,0.4427499999999999,0.4427499999999999,0.8,0.5,0.5,0.5,,
4AjxZ,1,1,1,1,1,1,0.8,0.8,0.4654499999999999,0.46545,0.46545,0.4654499999999999,0.75,0.5,0.5,0.5,,
4AjzR,1,1,1,1,1,1,0.7,0.7,0.5763800000000001,0.5763800000000001,0.5763800000000001,0.5763800000000001,0.9,0.8,0.5,0.7,,
4Ak3E,1,1,1,1,1,1,0.7,0.7,0.4427499999999999,0.4427499999999999,0.4427499999999999,0.4427499999999999,0.8,0.5,0.5,0.5,,
4Ak46,1,1,1,1,1,1,0.8,0.8,0.5924699999999999,0.5924699999999999,0.5924699999999999,0.5924699999999999,0.95,0.5,0.5,0.8,,
4Ak6B,1,0,0,0,0,0,,,,,,,,,,,,
4Ak6y,1,1,1,1,1,1,0.8,0.8,0.4654499999999999,0.46545,0.46545,0.4654499999999999,0.75,0.5,0.5,0.5,,
4Ak7M,1,1,1,1,1,1,0.5,0.5,0.0,0.0,0.0,0.0,0.0,0.0,0.0,0.0,,
4AkCD,1,1,1,1,1,1,0.8,0.8,0.4654499999999999,0.46545,0.46545,0.4654499999999999,0.75,0.5,0.5,0.5,,
4AkFh,1,1,1,1,1,1,0.7,0.7,0.4427499999999999,0.4427499999999999,0.4427499999999999,0.4427499999999999,0.8,0.5,0.5,0.5,,
4AkMC,1,0,0,0,0,0,,,,,,,,,,,,
4AkOH,1,1,1,1,1,1,0.7,0.7,0.4427499999999999,0.4427499999999999,0.4427499999999999,0.4427499999999999,0.8,0.5,0.5,0.5,,
4AkZf,1,1,1,1,1,1,0.8,0.8,0.4654499999999999,0.46545,0.46545,0.4654499999999999,0.75,0.5,0.5,0.5,,
4AkcN,1,1,1,1,1,1,0.8,0.8,0.5924699999999999,0.5924699999999999,0.5924699999999999,0.5924699999999999,0.95,0.5,0.5,0.8,,
4AkcO,1,1,1,1,1,1,0.7,0.7,0.4427499999999999,0.4427499999999999,0.4427499999999999,0.4427499999999999,0.8,0.5,0.5,0.5,,
4Akdl,1,1,1,1,1,1,0.7,0.7,0.4427499999999999,0.4427499999999999,0.4427499999999999,0.4427499999999999,0.8,0.5,0.5,0.5,,
4Akg1,1,1,1,1,1,1,0.7,0.7,0.4427499999999999,0.4427499999999999,0.4427499999999999,0.4427499999999999,0.8,0.5,0.5,0.5,,
4Akgl,1,1,1,1,1,1,0.7,0.7,0.4427499999999999,0.4427499999999999,0.4427499999999999,0.4427499999999999,0.8,0.5,0.5,0.5,,
4AkiX,1,1,1,1,1,1,0.8,0.8,0.5924699999999999,0.5924699999999999,0.5924699999999999,0.5924699999999999,0.95,0.5,0.5,0.8,,
4AkiZ,1,1,1,1,1,1,0.7,0.7,0.4427499999999999,0.4427499999999999,0.4427499999999999,0.4427499999999999,0.8,0.5,0.5,0.5,,
4Akku,1,1,1,1,1,1,0.7,0.7,0.4427499999999999,0.4427499999999999,0.4427499999999999,0.4427499999999999,0.8,0.5,0.5,0.5,,
4AkrY,1,1,1,1,1,1,0.8,0.8,0.4654499999999999,0.46545,0.46545,0.4654499999999999,0.75,0.5,0.5,0.5,,
4Akv6,1,1,1,1,1,1,0.8,0.8,0.4654499999999999,0.46545,0.46545,0.4654499999999999,0.75,0.5,0.5,0.5,,
4Akv7,1,1,1,1,1,1,0.7,0.7,0.4427499999999999,0.4427499999999999,0.4427499999999999,0.4427499999999999,0.8,0.5,0.5,0.5,,
4Akv8,1,1,1,1,1,1,0.8,0.8,0.5924699999999999,0.5924699999999999,0.5924699999999999,0.5924699999999999,0.95,0.5,0.5,0.8,,
4AkyH,1,1,1,1,1,1,0.7,0.7,0.4427499999999999,0.4427499999999999,0.4427499999999999,0.4427499999999999,0.8,0.5,0.5,0.5,,
4AkyR,1,1,1,1,1,1,0.8,0.8,0.4654499999999999,0.46545,0.46545,0.4654499999999999,0.75,0.5,0.5,0.5,,
4AkyU,1,1,1,1,1,1,0.8,0.8,0.4654499999999999,0.46545,0.46545,0.4654499999999999,0.75,0.5,0.5,0.5,,
4AkyV,1,1,1,1,1,1,0.8,0.8,0.4654499999999999,0.46545,0.46545,0.4654499999999999,0.75,0.5,0.5,0.5,,
4AkzP,1,1,1,1,1,1,0.8,0.8,0.4654499999999999,0.46545,0.46545,0.4654499999999999,0.75,0.5,0.5,0.5,,
4Al0l,1,1,1,1,1,1,0.8,0.8,0.5924699999999999,0.5924699999999999,0.5924699999999999,0.5924699999999999,0.95,0.5,0.5,0.8,,
4Al15,1,1,1,1,1,1,0.7,0.7,0.4427499999999999,0.4427499999999999,0.4427499999999999,0.4427499999999999,0.8,0.5,0.5,0.5,,
4Al3T,1,1,1,1,1,1,0.8,0.8,0.5924699999999999,0.5924699999999999,0.5924699999999999,0.5924699999999999,0.95,0.5,0.5,0.8,,
4Al4r,1,1,1,1,1,1,0.7,0.7,0.4427499999999999,0.4427499999999999,0.4427499999999999,0.4427499999999999,0.8,0.5,0.5,0.5,,
4Al4s,1,1,1,1,1,1,0.8,0.8,0.5924699999999999,0.5924699999999999,0.5924699999999999,0.5924699999999999,0.95,0.5,0.5,0.8,,
4Al5I,1,1,1,1,1,1,0.7,0.7,0.4427499999999999,0.4427499999999999,0.4427499999999999,0.4427499999999999,0.8,0.5,0.5,0.5,,
4Al7z,1,1,1,1,1,1,0.8,0.8,0.5924699999999999,0.5924699999999999,0.5924699999999999,0.5924699999999999,0.95,0.5,0.5,0.8,,
4Al8d,1,1,1,1,1,1,0.7,0.7,0.4427499999999999,0.4427499999999999,0.4427499999999999,0.4427499999999999,0.8,0.5,0.5,0.5,,
4AlDs,1,1,1,1,1,1,0.8,0.8,0.5924699999999999,0.5924699999999999,0.5924699999999999,0.5924699999999999,0.95,0.5,0.5,0.8,,
4AlEg,1,1,1,1,1,1,0.7,0.7,0.4427499999999999,0.4427499999999999,0.4427499999999999,0.4427499999999999,0.8,0.5,0.5,0.5,,
4AlHy,1,1,1,1,1,1,0.7,0.7,0.4427499999999999,0.4427499999999999,0.4427499999999999,0.4427499999999999,0.8,0.5,0.5,0.5,,
4AlK6,1,1,1,1,1,1,0.8,0.8,0.5924699999999999,0.5924699999999999,0.5924699999999999,0.5924699999999999,0.95,0.5,0.5,0.8,,
4AlOX,1,1,1,1,1,1,0.7,0.7,0.1207499999999999,0.1207499999999999,0.1207499999999999,0.1207499999999999,0.5,0.0,0.0,0.0,,
4AlQy,1,1,1,1,1,1,0.8,0.8,0.4654499999999999,0.46545,0.46545,0.4654499999999999,0.75,0.5,0.5,0.5,,
4AlRZ,1,1,1,1,1,1,0.8,0.8,0.4654499999999999,0.46545,0.46545,0.4654499999999999,0.75,0.5,0.5,0.5,,
4AlRs,1,1,1,1,1,1,0.7,0.7,0.4427499999999999,0.4427499999999999,0.4427499999999999,0.4427499999999999,0.8,0.5,0.5,0.5,,
4AlUc,1,1,1,1,1,1,0.8,0.8,0.5924699999999999,0.5924699999999999,0.5924699999999999,0.5924699999999999,0.95,0.5,0.5,0.8,,
4AlW2,1,1,1,1,1,1,0.7,0.7,0.4427499999999999,0.4427499999999999,0.4427499999999999,0.4427499999999999,0.8,0.5,0.5,0.5,,
4AlaY,1,1,1,1,1,1,0.7,0.7,0.4427499999999999,0.4427499999999999,0.4427499999999999,0.4427499999999999,0.8,0.5,0.5,0.5,,
4AlaZ,1,1,1,1,1,1,0.8,0.8,0.4654499999999999,0.46545,0.46545,0.4654499999999999,0.75,0.5,0.5,0.5,,
4Alcl,1,1,1,1,1,1,0.8,0.8,0.4654499999999999,0.46545,0.46545,0.4654499999999999,0.75,0.5,0.5,0.5,,
4AldY,1,1,1,1,1,1,0.5,0.5,0.2025,0.2025,0.2025,0.2025,1.0,0.0,0.0,0.0,,
4Alf5,1,1,1,1,1,1,0.8,0.8,0.5924699999999999,0.5924699999999999,0.5924699999999999,0.5924699999999999,0.95,0.5,0.5,0.8,,
4Alf6,1,1,1,1,1,1,0.7,0.7,0.4427499999999999,0.4427499999999999,0.4427499999999999,0.4427499999999999,0.8,0.5,0.5,0.5,,
4Alk3,1,1,1,1,1,1,0.8,0.8,0.4654499999999999,0.46545,0.46545,0.4654499999999999,0.75,0.5,0.5,0.5,,
4Alo4,1,1,1,1,1,1,0.7,0.7,0.4427499999999999,0.4427499999999999,0.4427499999999999,0.4427499999999999,0.8,0.5,0.5,0.5,,
4Alsi,1,1,1,1,1,1,0.7,0.7,0.4427499999999999,0.4427499999999999,0.4427499999999999,0.4427499999999999,0.8,0.5,0.5,0.5,,
4Am4g,1,1,1,1,1,1,0.7,0.7,0.4427499999999999,0.4427499999999999,0.4427499999999999,0.4427499999999999,0.8,0.5,0.5,0.5,,
4Am97,1,1,1,1,1,1,0.7,0.7,0.4427499999999999,0.4427499999999999,0.4427499999999999,0.4427499999999999,0.8,0.5,0.5,0.5,,
4AmCS,1,1,1,1,1,1,0.7,0.7,0.4427499999999999,0.4427499999999999,0.4427499999999999,0.4427499999999999,0.8,0.5,0.5,0.5,,
4AmH0,1,1,1,1,1,1,0.8,0.8,0.4654499999999999,0.46545,0.46545,0.4654499999999999,0.75,0.5,0.5,0.5,,
4AmJD,1,1,1,1,1,1,0.8,0.8,0.5307000000000001,0.5307000000000001,0.5307000000000001,0.5307000000000001,1.0,0.5,0.5,0.5,,
4AmJe,1,1,1,1,1,1,0.5,0.5,0.0,0.0,0.0,0.0,0.0,0.0,0.0,0.0,,
4AmKR,1,1,1,1,1,1,0.8,0.8,0.5924699999999999,0.5924699999999999,0.5924699999999999,0.5924699999999999,0.95,0.5,0.5,0.8,,
4AmWS,1,1,1,1,1,1,0.5,0.5,0.2025,0.2025,0.2025,0.2025,1.0,0.0,0.0,0.0,,
4AmYM,1,1,1,1,1,1,0.8,0.8,0.4654499999999999,0.46545,0.46545,0.4654499999999999,0.75,0.5,0.5,0.5,,
4Amb6,1,1,1,1,1,1,0.8,0.8,0.4654499999999999,0.46545,0.46545,0.4654499999999999,0.75,0.5,0.5,0.5,,
4Amjx,1,1,1,1,1,1,0.7,0.7,0.4427499999999999,0.4427499999999999,0.4427499999999999,0.4427499999999999,0.8,0.5,0.5,0.5,,
4Amli,1,1,1,1,1,1,0.7,0.7,0.4427499999999999,0.4427499999999999,0.4427499999999999,0.4427499999999999,0.8,0.5,0.5,0.5,,
4Amod,1,1,1,1,1,1,0.8,0.8,0.5924699999999999,0.5924699999999999,0.5924699999999999,0.5924699999999999,0.95,0.5,0.5,0.8,,
4Amop,1,1,1,1,1,1,0.8,0.8,0.5924699999999999,0.5924699999999999,0.5924699999999999,0.5924699999999999,0.95,0.5,0.5,0.8,,
4Amp0,1,1,1,1,1,1,0.8,0.8,0.4654499999999999,0.46545,0.46545,0.4654499999999999,0.75,0.5,0.5,0.5,,
4Amqn,1,1,1,1,1,1,0.8,0.8,0.5924699999999999,0.5924699999999999,0.5924699999999999,0.5924699999999999,0.95,0.5,0.5,0.8,,
4An45,1,1,1,1,1,1,0.7,0.7,0.4427499999999999,0.4427499999999999,0.4427499999999999,0.4427499999999999,0.8,0.5,0.5,0.5,,
4An53,1,1,1,1,1,1,0.8,0.8,0.6316200000000001,0.6316200000000001,0.6316200000000001,0.6316200000000001,0.9,0.8,0.5,0.7,,
4An6Y,1,1,1,1,1,1,0.7,0.7,0.4427499999999999,0.4427499999999999,0.4427499999999999,0.4427499999999999,0.8,0.5,0.5,0.5,,
4An7B,1,1,1,1,1,1,0.7,0.7,0.5763800000000001,0.5763800000000001,0.5763800000000001,0.5763800000000001,0.9,0.8,0.5,0.7,,
4An7E,1,1,1,1,1,1,0.8,0.8,0.4654499999999999,0.46545,0.46545,0.4654499999999999,0.75,0.5,0.5,0.5,,
4An7F,1,1,1,1,1,1,0.8,0.8,0.5924699999999999,0.5924699999999999,0.5924699999999999,0.5924699999999999,0.95,0.5,0.5,0.8,,
4An7I,1,1,1,1,1,1,0.8,0.8,0.7307999999999999,0.7307999999999999,0.7307999999999999,0.7307999999999999,1.0,1.0,0.5,1.0,,
4AnAV,1,1,1,1,1,1,0.8,0.8,0.5924699999999999,0.5924699999999999,0.5924699999999999,0.5924699999999999,0.95,0.5,0.5,0.8,,
4AnAW,1,1,1,1,1,1,0.8,0.8,0.4654499999999999,0.46545,0.46545,0.4654499999999999,0.75,0.5,0.5,0.5,,
4AnB3,1,1,1,1,1,1,0.7,0.7,0.4427499999999999,0.4427499999999999,0.4427499999999999,0.4427499999999999,0.8,0.5,0.5,0.5,,
4AnLg,1,1,1,1,1,1,0.7,0.7,0.4427499999999999,0.4427499999999999,0.4427499999999999,0.4427499999999999,0.8,0.5,0.5,0.5,,
4AnNR,1,1,1,1,1,1,0.8,0.8,0.5924699999999999,0.5924699999999999,0.5924699999999999,0.5924699999999999,0.95,0.5,0.5,0.8,,
4AnO0,1,1,1,1,1,1,0.8,0.8,0.5924699999999999,0.5924699999999999,0.5924699999999999,0.5924699999999999,0.95,0.5,0.5,0.8,,
4AnPu,1,1,1,1,1,1,0.7,0.7,0.4427499999999999,0.4427499999999999,0.4427499999999999,0.4427499999999999,0.8,0.5,0.5,0.5,,
4AnVN,1,1,1,1,1,1,0.7,0.7,0.4427499999999999,0.4427499999999999,0.4427499999999999,0.4427499999999999,0.8,0.5,0.5,0.5,,
4AnZL,1,1,1,1,1,1,0.7,0.7,0.4427499999999999,0.4427499999999999,0.4427499999999999,0.4427499999999999,0.8,0.5,0.5,0.5,,
4AnaC,1,1,1,1,1,1,0.7,0.7,0.4427499999999999,0.4427499999999999,0.4427499999999999,0.4427499999999999,0.8,0.5,0.5,0.5,,
4Anbd,1,1,1,1,1,1,0.8,0.8,0.4654499999999999,0.46545,0.46545,0.4654499999999999,0.75,0.5,0.5,0.5,,
4Anbo,1,1,1,1,1,1,0.7,0.7,0.4427499999999999,0.4427499999999999,0.4427499999999999,0.4427499999999999,0.8,0.5,0.5,0.5,,
4AnrA,1,1,1,1,1,1,0.7,0.7,0.4427499999999999,0.4427499999999999,0.4427499999999999,0.4427499999999999,0.8,0.5,0.5,0.5,,
4AnrP,1,1,1,1,1,1,0.7,0.7,0.4427499999999999,0.4427499999999999,0.4427499999999999,0.4427499999999999,0.8,0.5,0.5,0.5,,
4Anrv,1,1,1,1,1,1,0.8,0.8,0.5924699999999999,0.5924699999999999,0.5924699999999999,0.5924699999999999,0.95,0.5,0.5,0.8,,
4Anrx,1,1,1,1,1,1,0.8,0.8,0.5924699999999999,0.5924699999999999,0.5924699999999999,0.5924699999999999,0.95,0.5,0.5,0.8,,
4Anry,1,1,1,1,1,1,0.8,0.8,0.5924699999999999,0.5924699999999999,0.5924699999999999,0.5924699999999999,0.95,0.5,0.5,0.8,,
4Anrz,1,1,1,1,1,1,0.8,0.8,0.4654499999999999,0.46545,0.46545,0.4654499999999999,0.75,0.5,0.5,0.5,,
4Ant2,1,1,1,1,1,1,0.7,0.7,0.4427499999999999,0.4427499999999999,0.4427499999999999,0.4427499999999999,0.8,0.5,0.5,0.5,,
4AnvK,1,1,1,1,1,1,0.7,0.7,0.4427499999999999,0.4427499999999999,0.4427499999999999,0.4427499999999999,0.8,0.5,0.5,0.5,,
4AnyH,1,1,1,1,1,1,0.8,0.8,0.5924699999999999,0.5924699999999999,0.5924699999999999,0.5924699999999999,0.95,0.5,0.5,0.8,,
4AnyL,1,1,1,1,1,1,0.8,0.8,0.5924699999999999,0.5924699999999999,0.5924699999999999,0.5924699999999999,0.95,0.5,0.5,0.8,,
4AnyM,1,1,1,1,1,1,0.9,0.9,0.636735,0.636735,0.636735,0.636735,0.85,0.8,0.5,0.7,,
4Ao10,1,1,1,1,1,1,0.8,0.8,0.7307999999999999,0.7307999999999999,0.7307999999999999,0.7307999999999999,1.0,1.0,0.5,1.0,,
4Ao4A,1,1,1,1,1,1,0.7,0.7,0.4427499999999999,0.4427499999999999,0.4427499999999999,0.4427499999999999,0.8,0.5,0.5,0.5,,
4Ao5G,1,1,1,1,1,1,0.8,0.8,0.4654499999999999,0.46545,0.46545,0.4654499999999999,0.75,0.5,0.5,0.5,,
4AoGs,1,1,1,1,1,1,0.8,0.8,0.4654499999999999,0.46545,0.46545,0.4654499999999999,0.75,0.5,0.5,0.5,,
4AoMm,1,1,1,1,1,1,0.8,0.8,0.5924699999999999,0.5924699999999999,0.5924699999999999,0.5924699999999999,0.95,0.5,0.5,0.8,,
4AoMt,1,1,1,1,1,1,0.8,0.8,0.4654499999999999,0.46545,0.46545,0.4654499999999999,0.75,0.5,0.5,0.5,,
4AoQs,1,1,1,1,1,1,0.8,0.8,0.5924699999999999,0.5924699999999999,0.5924699999999999,0.5924699999999999,0.95,0.5,0.5,0.8,,
4AoR8,1,1,1,1,1,1,0.8,0.8,0.4654499999999999,0.46545,0.46545,0.4654499999999999,0.75,0.5,0.5,0.5,,
4AoSU,1,1,1,1,1,1,0.7,0.7,0.4427499999999999,0.4427499999999999,0.4427499999999999,0.4427499999999999,0.8,0.5,0.5,0.5,,
4AoSy,1,1,1,1,1,1,0.8,0.8,0.5924699999999999,0.5924699999999999,0.5924699999999999,0.5924699999999999,0.95,0.5,0.5,0.8,,
4AoeR,1,1,1,1,1,1,0.7,0.7,0.4427499999999999,0.4427499999999999,0.4427499999999999,0.4427499999999999,0.8,0.5,0.5,0.5,,
4AoeS,1,1,1,1,1,1,0.8,0.8,0.4654499999999999,0.46545,0.46545,0.4654499999999999,0.75,0.5,0.5,0.5,,
4AoeU,1,1,1,1,1,1,0.7,0.7,0.4427499999999999,0.4427499999999999,0.4427499999999999,0.4427499999999999,0.8,0.5,0.5,0.5,,
4AoeV,1,1,1,1,1,1,0.7,0.7,0.5474,0.5474,0.5474,0.5474,1.0,0.5,0.5,0.8,,
4AoeX,1,1,1,1,1,1,0.8,0.8,0.4654499999999999,0.46545,0.46545,0.4654499999999999,0.75,0.5,0.5,0.5,,
4AoeZ,1,1,1,1,1,1,0.8,0.8,0.4654499999999999,0.46545,0.46545,0.4654499999999999,0.75,0.5,0.5,0.5,,
4Aoel,1,0,0,0,0,0,,,,,,,,,,,,
4Aof0,1,1,1,1,1,1,0.7,0.7,0.4427499999999999,0.4427499999999999,0.4427499999999999,0.4427499999999999,0.8,0.5,0.5,0.5,,
4Aof1,1,1,1,1,1,1,0.8,0.8,0.4654499999999999,0.46545,0.46545,0.4654499999999999,0.75,0.5,0.5,0.5,,
4AofP,1,1,1,1,1,1,0.7,0.7,0.4427499999999999,0.4427499999999999,0.4427499999999999,0.4427499999999999,0.8,0.5,0.5,0.5,,
4Aohe,1,1,1,1,1,1,0.8,0.8,0.4654499999999999,0.46545,0.46545,0.4654499999999999,0.75,0.5,0.5,0.5,,
4Aoj0,1,1,1,1,1,1,0.8,0.8,0.5924699999999999,0.5924699999999999,0.5924699999999999,0.5924699999999999,0.95,0.5,0.5,0.8,,
4Aojy,1,1,1,1,1,1,0.8,0.8,0.5924699999999999,0.5924699999999999,0.5924699999999999,0.5924699999999999,0.95,0.5,0.5,0.8,,
4Aoq3,1,1,1,1,1,1,0.8,0.8,0.5924699999999999,0.5924699999999999,0.5924699999999999,0.5924699999999999,0.95,0.5,0.5,0.8,,
4Aosp,1,1,1,1,1,1,0.8,0.8,0.5924699999999999,0.5924699999999999,0.5924699999999999,0.5924699999999999,0.95,0.5,0.5,0.8,,
4AovL,1,1,1,1,1,1,0.8,0.8,0.5924699999999999,0.5924699999999999,0.5924699999999999,0.5924699999999999,0.95,0.5,0.5,0.8,,
4Aox2,1,1,1,1,1,1,0.8,0.8,0.4654499999999999,0.46545,0.46545,0.4654499999999999,0.75,0.5,0.5,0.5,,
4Aoy7,1,1,1,1,1,1,0.8,0.8,0.5924699999999999,0.5924699999999999,0.5924699999999999,0.5924699999999999,0.95,0.5,0.5,0.8,,
4AoyF,1,1,1,1,1,1,0.8,0.8,0.4654499999999999,0.46545,0.46545,0.4654499999999999,0.75,0.5,0.5,0.5,,
4AoyQ,1,1,1,1,1,1,0.8,0.8,0.5924699999999999,0.5924699999999999,0.5924699999999999,0.5924699999999999,0.95,0.5,0.5,0.8,,
4Ap1U,1,1,1,1,1,1,0.8,0.8,0.5924699999999999,0.5924699999999999,0.5924699999999999,0.5924699999999999,0.95,0.5,0.5,0.8,,
4Ap1e,1,1,1,1,1,1,0.8,0.8,0.4654499999999999,0.46545,0.46545,0.4654499999999999,0.75,0.5,0.5,0.5,,
4Ap4o,1,1,1,1,1,1,0.7,0.7,0.4427499999999999,0.4427499999999999,0.4427499999999999,0.4427499999999999,0.8,0.5,0.5,0.5,,
4Ap58,1,0,0,0,0,0,,,,,,,,,,,,
4Ap5z,1,1,1,1,1,1,0.7,0.7,0.4427499999999999,0.4427499999999999,0.4427499999999999,0.4427499999999999,0.8,0.5,0.5,0.5,,
4Ap7C,1,1,1,1,1,1,0.8,0.8,0.4654499999999999,0.46545,0.46545,0.4654499999999999,0.75,0.5,0.5,0.5,,
4Ap7D,1,1,1,1,1,1,0.5,0.5,0.0,0.0,0.0,0.0,0.0,0.0,0.0,0.0,,
4Ap7b,1,1,1,1,1,1,0.7,0.7,0.4427499999999999,0.4427499999999999,0.4427499999999999,0.4427499999999999,0.8,0.5,0.5,0.5,,
4Ap81,1,1,1,1,1,1,0.8,0.8,0.5924699999999999,0.5924699999999999,0.5924699999999999,0.5924699999999999,0.95,0.5,0.5,0.8,,
4ApAF,1,0,0,0,0,0,,,,,,,,,,,,
4ApAG,1,1,1,1,1,1,0.8,0.8,0.4654499999999999,0.46545,0.46545,0.4654499999999999,0.75,0.5,0.5,0.5,,
4ApC6,1,1,1,1,1,1,0.8,0.8,0.5307000000000001,0.5307000000000001,0.5307000000000001,0.5307000000000001,1.0,0.5,0.5,0.5,,
4ApEi,1,1,1,1,1,1,0.7,0.7,0.4427499999999999,0.4427499999999999,0.4427499999999999,0.4427499999999999,0.8,0.5,0.5,0.5,,
4ApFf,1,1,1,1,1,1,0.95,0.95,0.7140150000000002,0.7140150000000002,0.7140150000000002,0.7140150000000002,0.8,0.8,0.5,0.7,0.9,
4ApbZ,1,1,1,1,1,1,0.7,0.7,0.4427499999999999,0.4427499999999999,0.4427499999999999,0.4427499999999999,0.8,0.5,0.5,0.5,,
4Apbg,1,1,1,1,1,1,0.8,0.8,0.5924699999999999,0.5924699999999999,0.5924699999999999,0.5924699999999999,0.95,0.5,0.5,0.8,,
4ApcF,1,1,1,1,1,1,0.7,0.7,0.4427499999999999,0.4427499999999999,0.4427499999999999,0.4427499999999999,0.8,0.5,0.5,0.5,,
4Apds,1,1,1,1,1,1,0.8,0.8,0.5924699999999999,0.5924699999999999,0.5924699999999999,0.5924699999999999,0.95,0.5,0.5,0.8,,
4Apiq,1,1,1,1,1,1,0.7,0.7,0.4427499999999999,0.4427499999999999,0.4427499999999999,0.4427499999999999,0.8,0.5,0.5,0.5,,
4Apir,1,1,1,1,1,1,0.7,0.7,0.4427499999999999,0.4427499999999999,0.4427499999999999,0.4427499999999999,0.8,0.5,0.5,0.5,,
4ApkX,1,1,1,1,1,1,0.8,0.8,0.5924699999999999,0.5924699999999999,0.5924699999999999,0.5924699999999999,0.95,0.5,0.5,0.8,,
4Apkh,1,1,1,1,1,1,0.8,0.8,0.5924699999999999,0.5924699999999999,0.5924699999999999,0.5924699999999999,0.95,0.5,0.5,0.8,,
4ApoT,1,1,1,1,1,1,0.8,0.8,0.4654499999999999,0.46545,0.46545,0.4654499999999999,0.75,0.5,0.5,0.5,,
4ApsE,1,1,1,1,1,1,0.8,0.8,0.5924699999999999,0.5924699999999999,0.5924699999999999,0.5924699999999999,0.95,0.5,0.5,0.8,,
4Apso,1,1,1,1,1,1,0.7,0.7,0.4427499999999999,0.4427499999999999,0.4427499999999999,0.4427499999999999,0.8,0.5,0.5,0.5,,
4ApvE,1,1,1,1,1,1,0.7,0.7,0.4427499999999999,0.4427499999999999,0.4427499999999999,0.4427499999999999,0.8,0.5,0.5,0.5,,
4ApwK,1,1,1,1,1,1,0.7,0.7,0.4427499999999999,0.4427499999999999,0.4427499999999999,0.4427499999999999,0.8,0.5,0.5,0.5,,
4Apwd,1,1,1,1,1,1,0.8,0.8,0.4654499999999999,0.46545,0.46545,0.4654499999999999,0.75,0.5,0.5,0.5,,
4a5nB,1,1,1,1,1,1,0.7,0.7,0.4427499999999999,0.4427499999999999,0.4427499999999999,0.4427499999999999,0.8,0.5,0.5,0.5,,
4aJN8,1,1,1,1,1,1,0.8,0.8,0.59595,0.59595,0.59595,0.59595,0.95,0.5,0.5,0.8,,
4ae4i,1,1,1,1,1,1,0.8,0.8,0.5481,0.5481,0.5481,0.5481,0.9,0.5,0.5,0.8,,
4askT,1,1,1,1,1,1,0.8,0.8,0.4654499999999999,0.46545,0.46545,0.4654499999999999,0.75,0.5,0.5,0.5,,
4bvKl,1,1,1,1,1,1,0.8,0.8,0.4654499999999999,0.46545,0.46545,0.4654499999999999,0.75,0.5,0.5,0.5,,
4dWTf,1,1,1,1,1,1,0.9,0.9,0.7293000000000003,0.7293000000000003,0.7293000000000003,0.7293000000000003,0.9,0.8,0.5,0.7,0.8,
4dYKB,1,1,1,1,1,1,0.8,0.8,0.4654499999999999,0.46545,0.46545,0.4654499999999999,0.75,0.5,0.5,0.5,,
4db7e,1,1,1,1,1,1,0.7,0.7,0.4427499999999999,0.4427499999999999,0.4427499999999999,0.4427499999999999,0.8,0.5,0.5,0.5,,
4ddi1,1,1,1,1,1,1,0.8,0.8,0.5924699999999999,0.5924699999999999,0.5924699999999999,0.5924699999999999,0.95,0.5,0.5,0.8,,
4du4y,1,1,1,1,1,1,0.5,0.5,0.0,0.0,0.0,0.0,0.0,0.0,0.0,0.0,,
4epwA,1,1,1,1,1,1,0.8,0.8,0.5924699999999999,0.5924699999999999,0.5924699999999999,0.5924699999999999,0.95,0.5,0.5,0.8,,
4fMfU,1,1,1,1,1,1,0.5,0.5,0.2025,0.2025,0.2025,0.2025,1.0,0.0,0.0,0.0,,
4fO6c,1,1,1,1,1,1,0.7,0.7,0.4427499999999999,0.4427499999999999,0.4427499999999999,0.4427499999999999,0.8,0.5,0.5,0.5,,
4gNDy,1,1,1,1,1,1,0.8,0.8,0.4654499999999999,0.46545,0.46545,0.4654499999999999,0.75,0.5,0.5,0.5,,
4gwrk,1,1,1,1,1,1,0.7,0.7,0.4427499999999999,0.4427499999999999,0.4427499999999999,0.4427499999999999,0.8,0.5,0.5,0.5,,
4h9Qr,1,1,1,1,1,1,0.7,0.7,0.4427499999999999,0.4427499999999999,0.4427499999999999,0.4427499999999999,0.8,0.5,0.5,0.5,,
4hDeB,1,1,1,1,1,1,0.5,0.5,0.2025,0.2025,0.2025,0.2025,1.0,0.0,0.0,0.0,,
4hIRq,1,1,1,1,1,1,0.5,0.5,0.2025,0.2025,0.2025,0.2025,1.0,0.0,0.0,0.0,,
4hjDj,1,1,1,1,1,1,0.7,0.7,0.4427499999999999,0.4427499999999999,0.4427499999999999,0.4427499999999999,0.8,0.5,0.5,0.5,,
4iBNn,1,1,1,1,1,1,0.7,0.7,0.4427499999999999,0.4427499999999999,0.4427499999999999,0.4427499999999999,0.8,0.5,0.5,0.5,,
4iE6p,1,1,1,1,1,1,0.8,0.8,0.5924699999999999,0.5924699999999999,0.5924699999999999,0.5924699999999999,0.95,0.5,0.5,0.8,,
4iLsY,1,1,1,1,1,1,0.8,0.8,0.5924699999999999,0.5924699999999999,0.5924699999999999,0.5924699999999999,0.95,0.5,0.5,0.8,,
4iNp9,1,1,1,1,1,1,0.7,0.7,0.4427499999999999,0.4427499999999999,0.4427499999999999,0.4427499999999999,0.8,0.5,0.5,0.5,,
4iPDB,1,1,1,1,1,1,0.8,0.8,0.59595,0.59595,0.59595,0.59595,0.95,0.5,0.5,0.8,,
4imx7,1,1,1,1,1,1,0.8,0.8,0.5924699999999999,0.5924699999999999,0.5924699999999999,0.5924699999999999,0.95,0.5,0.5,0.8,,
4iq2D,1,1,1,1,1,1,0.7,0.7,0.4427499999999999,0.4427499999999999,0.4427499999999999,0.4427499999999999,0.8,0.5,0.5,0.5,,
4iuXq,1,1,1,1,1,1,0.8,0.8,0.4654499999999999,0.46545,0.46545,0.4654499999999999,0.75,0.5,0.5,0.5,,
4iuqm,1,1,1,1,1,1,0.7,0.7,0.50715,0.50715,0.50715,0.50715,0.9,0.5,0.5,0.8,,
4j4Da,1,1,1,1,1,1,0.8,0.8,0.5924699999999999,0.5924699999999999,0.5924699999999999,0.5924699999999999,0.95,0.5,0.5,0.8,,
4j5v1,1,1,1,1,1,1,0.7,0.7,0.4427499999999999,0.4427499999999999,0.4427499999999999,0.4427499999999999,0.8,0.5,0.5,0.5,,
4jKUa,1,1,1,1,1,1,0.8,0.8,0.4654499999999999,0.46545,0.46545,0.4654499999999999,0.75,0.5,0.5,0.5,,
4jdmV,1,1,1,1,1,1,0.8,0.8,0.4654499999999999,0.46545,0.46545,0.4654499999999999,0.75,0.5,0.5,0.5,,
4jiIs,1,1,1,1,1,1,0.8,0.8,0.4654499999999999,0.46545,0.46545,0.4654499999999999,0.75,0.5,0.5,0.5,,
4kX8i,1,1,1,1,1,1,0.5,0.5,0.2025,0.2025,0.2025,0.2025,1.0,0.0,0.0,0.0,,
4kXa8,1,1,1,1,1,1,0.7,0.7,0.4427499999999999,0.4427499999999999,0.4427499999999999,0.4427499999999999,0.8,0.5,0.5,0.5,,
4kaeX,1,1,1,1,1,1,0.8,0.8,0.5924699999999999,0.5924699999999999,0.5924699999999999,0.5924699999999999,0.95,0.5,0.5,0.8,,
4khpu,1,1,1,1,1,1,0.7,0.7,0.4427499999999999,0.4427499999999999,0.4427499999999999,0.4427499999999999,0.8,0.5,0.5,0.5,,
4kpUc,1,1,1,1,1,1,0.7,0.7,0.4427499999999999,0.4427499999999999,0.4427499999999999,0.4427499999999999,0.8,0.5,0.5,0.5,,
4kpXP,1,1,1,1,1,1,0.7,0.7,0.4427499999999999,0.4427499999999999,0.4427499999999999,0.4427499999999999,0.8,0.5,0.5,0.5,,
4lKrW,1,1,1,1,1,1,0.8,0.8,0.4654499999999999,0.46545,0.46545,0.4654499999999999,0.75,0.5,0.5,0.5,,
4lN9p,1,1,1,1,1,1,0.5,0.5,0.2025,0.2025,0.2025,0.2025,1.0,0.0,0.0,0.0,,
4lSJX,1,1,1,1,1,1,0.7,0.7,0.4427499999999999,0.4427499999999999,0.4427499999999999,0.4427499999999999,0.8,0.5,0.5,0.5,,
4lmai,1,1,1,1,1,1,0.7,0.7,0.4427499999999999,0.4427499999999999,0.4427499999999999,0.4427499999999999,0.8,0.5,0.5,0.5,,
4m06q,1,1,1,1,1,1,0.7,0.7,0.4427499999999999,0.4427499999999999,0.4427499999999999,0.4427499999999999,0.8,0.5,0.5,0.5,,
4m47S,1,1,1,1,1,1,0.8,0.8,0.4654499999999999,0.46545,0.46545,0.4654499999999999,0.75,0.5,0.5,0.5,,
4mBNc,1,0,0,0,0,0,,,,,,,,,,,,
4mRgW,1,1,1,1,1,1,0.7,0.7,0.5361300000000001,0.5361300000000001,0.5361300000000001,0.5361300000000001,0.8,0.8,0.5,0.7,,
4mhdU,1,1,1,1,1,1,0.5,0.5,0.2025,0.2025,0.2025,0.2025,1.0,0.0,0.0,0.0,,
4mr5a,1,1,1,1,1,1,0.8,0.8,0.5924699999999999,0.5924699999999999,0.5924699999999999,0.5924699999999999,0.95,0.5,0.5,0.8,,
4n8ho,1,1,1,1,1,1,0.7,0.7,0.4427499999999999,0.4427499999999999,0.4427499999999999,0.4427499999999999,0.8,0.5,0.5,0.5,,
4n9pp,1,1,1,1,1,1,0.9,0.9,0.6227100000000002,0.6227100000000002,0.6227100000000002,0.6227100000000002,0.8,0.8,0.5,0.7,,
4nS6P,1,1,1,1,1,1,0.8,0.8,0.4654499999999999,0.46545,0.46545,0.4654499999999999,0.75,0.5,0.5,0.5,,
4naxG,1,1,1,1,1,1,0.7,0.7,0.4427499999999999,0.4427499999999999,0.4427499999999999,0.4427499999999999,0.8,0.5,0.5,0.5,,
4nuU5,1,1,1,1,1,1,0.7,0.7,0.4427499999999999,0.4427499999999999,0.4427499999999999,0.4427499999999999,0.8,0.5,0.5,0.5,,
4o06Q,1,0,0,0,0,0,,,,,,,,,,,,
4oPT9,1,1,1,1,1,1,0.7,0.7,0.4427499999999999,0.4427499999999999,0.4427499999999999,0.4427499999999999,0.8,0.5,0.5,0.5,,
4oa8U,1,1,1,1,1,1,0.8,0.8,0.4654499999999999,0.46545,0.46545,0.4654499999999999,0.75,0.5,0.5,0.5,,
4oxWR,1,1,1,1,1,1,0.8,0.8,0.5924699999999999,0.5924699999999999,0.5924699999999999,0.5924699999999999,0.95,0.5,0.5,0.8,,
4pSBq,1,1,1,1,1,1,0.7,0.7,0.5361300000000001,0.5361300000000001,0.5361300000000001,0.5361300000000001,0.8,0.8,0.5,0.7,,
4pSxi,1,1,1,1,1,1,0.8,0.8,0.4654499999999999,0.46545,0.46545,0.4654499999999999,0.75,0.5,0.5,0.5,,
4pcpf,1,1,1,1,1,1,0.7,0.7,0.4427499999999999,0.4427499999999999,0.4427499999999999,0.4427499999999999,0.8,0.5,0.5,0.5,,
4pw7c,1,1,1,1,1,1,0.5,0.5,0.0,0.0,0.0,0.0,0.0,0.0,0.0,0.0,,
4qAoB,1,1,1,1,1,1,0.7,0.7,0.4427499999999999,0.4427499999999999,0.4427499999999999,0.4427499999999999,0.8,0.5,0.5,0.5,,
4qCFY,1,1,1,1,1,1,0.7,0.7,0.4427499999999999,0.4427499999999999,0.4427499999999999,0.4427499999999999,0.8,0.5,0.5,0.5,,
4qEY9,1,1,1,1,1,1,0.7,0.7,0.4427499999999999,0.4427499999999999,0.4427499999999999,0.4427499999999999,0.8,0.5,0.5,0.5,,
4r3DC,1,1,1,1,1,1,0.7,0.7,0.4427499999999999,0.4427499999999999,0.4427499999999999,0.4427499999999999,0.8,0.5,0.5,0.5,,
4rEp6,1,1,1,1,1,1,0.8,0.8,0.5924699999999999,0.5924699999999999,0.5924699999999999,0.5924699999999999,0.95,0.5,0.5,0.8,,
4rWjA,1,1,1,1,1,1,0.8,0.8,0.4654499999999999,0.46545,0.46545,0.4654499999999999,0.75,0.5,0.5,0.5,,
4rabU,1,1,1,1,1,1,0.7,0.7,0.4427499999999999,0.4427499999999999,0.4427499999999999,0.4427499999999999,0.8,0.5,0.5,0.5,,
4rz49,1,1,1,1,1,1,0.7,0.7,0.4427499999999999,0.4427499999999999,0.4427499999999999,0.4427499999999999,0.8,0.5,0.5,0.5,,
4s4m8,1,1,1,1,1,1,0.8,0.8,0.4654499999999999,0.46545,0.46545,0.4654499999999999,0.75,0.5,0.5,0.5,,
4s7xo,1,1,1,1,1,1,0.7,0.7,0.4427499999999999,0.4427499999999999,0.4427499999999999,0.4427499999999999,0.8,0.5,0.5,0.5,,
4s8Gp,1,1,1,1,1,1,0.8,0.8,0.4654499999999999,0.46545,0.46545,0.4654499999999999,0.75,0.5,0.5,0.5,,
4sE78,1,1,1,1,1,1,0.8,0.8,0.4654499999999999,0.46545,0.46545,0.4654499999999999,0.75,0.5,0.5,0.5,,
4sXKy,1,1,1,1,1,1,0.7,0.7,0.4427499999999999,0.4427499999999999,0.4427499999999999,0.4427499999999999,0.8,0.5,0.5,0.5,,
4sd49,1,1,0,1,0,0,0.5,,,,,,,,,,,
4sdGf,1,1,1,1,1,1,0.8,0.8,0.4654499999999999,0.46545,0.46545,0.4654499999999999,0.75,0.5,0.5,0.5,,
4seyR,1,1,1,1,1,1,0.8,0.8,0.7307999999999999,0.7307999999999999,0.7307999999999999,0.7307999999999999,1.0,1.0,0.5,1.0,,
4sfEI,1,1,1,1,1,1,0.8,0.8,0.4654499999999999,0.46545,0.46545,0.4654499999999999,0.75,0.5,0.5,0.5,,
4si1x,1,1,1,1,1,1,0.7,0.7,0.4427499999999999,0.4427499999999999,0.4427499999999999,0.4427499999999999,0.8,0.5,0.5,0.5,,
4srue,1,1,1,1,1,1,0.7,0.7,0.4427499999999999,0.4427499999999999,0.4427499999999999,0.4427499999999999,0.8,0.5,0.5,0.5,,
4tCct,1,1,1,1,1,1,0.8,0.8,0.4654499999999999,0.46545,0.46545,0.4654499999999999,0.75,0.5,0.5,0.5,,
4tDcE,1,1,1,1,1,1,0.7,0.7,0.4427499999999999,0.4427499999999999,0.4427499999999999,0.4427499999999999,0.8,0.5,0.5,0.5,,
4tP2i,1,1,1,1,1,1,0.8,0.8,0.5924699999999999,0.5924699999999999,0.5924699999999999,0.5924699999999999,0.95,0.5,0.5,0.8,,
4tPQm,1,1,1,1,1,1,0.8,0.8,0.5924699999999999,0.5924699999999999,0.5924699999999999,0.5924699999999999,0.95,0.5,0.5,0.8,,
4tcWS,1,1,1,1,1,1,0.7,0.7,0.4427499999999999,0.4427499999999999,0.4427499999999999,0.4427499999999999,0.8,0.5,0.5,0.5,,
4tkz3,1,1,1,1,1,1,0.8,0.8,0.5924699999999999,0.5924699999999999,0.5924699999999999,0.5924699999999999,0.95,0.5,0.5,0.8,,
4tqRV,1,1,1,1,1,1,0.7,0.7,0.4427499999999999,0.4427499999999999,0.4427499999999999,0.4427499999999999,0.8,0.5,0.5,0.5,,
4ttHp,1,1,1,1,1,1,0.9,0.9,0.6227100000000002,0.6227100000000002,0.6227100000000002,0.6227100000000002,0.8,0.8,0.5,0.7,,
4txLB,1,1,1,1,1,1,0.5,0.5,0.2025,0.2025,0.2025,0.2025,1.0,0.0,0.0,0.0,,
4u1k9,1,1,1,1,1,1,0.8,0.8,0.4654499999999999,0.46545,0.46545,0.4654499999999999,0.75,0.5,0.5,0.5,,
4u6qR,1,1,1,1,1,1,0.7,0.7,0.4427499999999999,0.4427499999999999,0.4427499999999999,0.4427499999999999,0.8,0.5,0.5,0.5,,
4u6u7,1,1,1,1,1,1,0.8,0.8,0.4654499999999999,0.46545,0.46545,0.4654499999999999,0.75,0.5,0.5,0.5,,
4uJXX,1,1,1,1,1,1,0.7,0.7,0.4427499999999999,0.4427499999999999,0.4427499999999999,0.4427499999999999,0.8,0.5,0.5,0.5,,
4uL0Y,1,1,1,1,1,1,0.7,0.7,0.4427499999999999,0.4427499999999999,0.4427499999999999,0.4427499999999999,0.8,0.5,0.5,0.5,,
4uO6L,1,1,1,1,1,1,0.8,0.8,0.4654499999999999,0.46545,0.46545,0.4654499999999999,0.75,0.5,0.5,0.5,,
4uOqk,1,1,1,1,1,1,0.8,0.8,0.4654499999999999,0.46545,0.46545,0.4654499999999999,0.75,0.5,0.5,0.5,,
4ukCu,1,1,1,1,1,1,0.8,0.8,0.5924699999999999,0.5924699999999999,0.5924699999999999,0.5924699999999999,0.95,0.5,0.5,0.8,,
4ur4f,1,1,1,1,1,1,0.7,0.7,0.4427499999999999,0.4427499999999999,0.4427499999999999,0.4427499999999999,0.8,0.5,0.5,0.5,,
4vFeD,1,1,1,1,1,1,0.8,0.8,0.4654499999999999,0.46545,0.46545,0.4654499999999999,0.75,0.5,0.5,0.5,,
4vGnN,1,1,1,1,1,1,0.8,0.8,0.5924699999999999,0.5924699999999999,0.5924699999999999,0.5924699999999999,0.95,0.5,0.5,0.8,,
4vQaI,1,1,1,1,1,1,0.8,0.8,0.5924699999999999,0.5924699999999999,0.5924699999999999,0.5924699999999999,0.95,0.5,0.5,0.8,,
4vVLB,1,1,1,1,1,1,0.8,0.8,0.4654499999999999,0.46545,0.46545,0.4654499999999999,0.75,0.5,0.5,0.5,,
4vg5r,1,1,1,1,1,1,0.7,0.7,0.4427499999999999,0.4427499999999999,0.4427499999999999,0.4427499999999999,0.8,0.5,0.5,0.5,,
4vh4w,1,1,1,1,1,1,0.7,0.7,0.4427499999999999,0.4427499999999999,0.4427499999999999,0.4427499999999999,0.8,0.5,0.5,0.5,,
4vjfG,1,1,1,1,1,1,0.8,0.8,0.6055200000000002,0.6055200000000002,0.6055200000000002,0.6055200000000002,0.9,0.8,0.5,0.7,,
4voBQ,1,1,1,1,1,1,0.8,0.8,0.4654499999999999,0.46545,0.46545,0.4654499999999999,0.75,0.5,0.5,0.5,,
4voBc,1,1,1,1,1,1,0.8,0.8,0.4654499999999999,0.46545,0.46545,0.4654499999999999,0.75,0.5,0.5,0.5,,
4vttJ,1,1,1,1,1,1,0.8,0.8,0.4654499999999999,0.46545,0.46545,0.4654499999999999,0.75,0.5,0.5,0.5,,
4vw9P,1,1,1,1,1,1,0.8,0.8,0.5924699999999999,0.5924699999999999,0.5924699999999999,0.5924699999999999,0.95,0.5,0.5,0.8,,
4vyEr,1,1,1,1,1,1,0.7,0.7,0.4427499999999999,0.4427499999999999,0.4427499999999999,0.4427499999999999,0.8,0.5,0.5,0.5,,
4w0KF,1,1,1,1,1,1,0.9,0.9,0.6227100000000002,0.6227100000000002,0.6227100000000002,0.6227100000000002,0.8,0.8,0.5,0.7,,
4w0LU,1,1,1,1,1,1,0.8,0.8,0.4654499999999999,0.46545,0.46545,0.4654499999999999,0.75,0.5,0.5,0.5,,
4w5Ex,1,1,1,1,1,1,0.7,0.7,0.4427499999999999,0.4427499999999999,0.4427499999999999,0.4427499999999999,0.8,0.5,0.5,0.5,,
4wQ3A,1,1,1,1,1,1,0.8,0.8,0.5924699999999999,0.5924699999999999,0.5924699999999999,0.5924699999999999,0.95,0.5,0.5,0.8,,
4wQaG,1,1,1,1,1,1,0.8,0.8,0.4654499999999999,0.46545,0.46545,0.4654499999999999,0.75,0.5,0.5,0.5,,
4wQcw,1,1,1,1,1,1,0.7,0.7,0.4427499999999999,0.4427499999999999,0.4427499999999999,0.4427499999999999,0.8,0.5,0.5,0.5,,
4wbFN,1,1,1,1,1,1,0.8,0.8,0.5924699999999999,0.5924699999999999,0.5924699999999999,0.5924699999999999,0.95,0.5,0.5,0.8,,
4wgNn,1,1,1,1,1,1,0.7,0.7,0.4427499999999999,0.4427499999999999,0.4427499999999999,0.4427499999999999,0.8,0.5,0.5,0.5,,
4wj9I,1,1,1,1,1,1,0.7,0.7,0.5361300000000001,0.5361300000000001,0.5361300000000001,0.5361300000000001,0.8,0.8,0.5,0.7,,
4wjOv,1,1,1,1,1,1,0.8,0.8,0.4654499999999999,0.46545,0.46545,0.4654499999999999,0.75,0.5,0.5,0.5,,
4wksh,1,1,1,1,1,1,0.8,0.8,0.59595,0.59595,0.59595,0.59595,0.95,0.5,0.5,0.8,,
4wmFz,1,1,1,1,1,1,0.7,0.7,0.4427499999999999,0.4427499999999999,0.4427499999999999,0.4427499999999999,0.8,0.5,0.5,0.5,,
4wwPa,1,1,1,1,1,1,0.9,0.9,0.6732,0.6731999999999999,0.6731999999999999,0.6732,0.7,1.0,0.5,0.9,,
4x1Q4,1,1,1,1,1,1,0.8,0.8,0.5924699999999999,0.5924699999999999,0.5924699999999999,0.5924699999999999,0.95,0.5,0.5,0.8,,
4x6MJ,1,1,1,1,1,1,0.8,0.8,0.4654499999999999,0.46545,0.46545,0.4654499999999999,0.75,0.5,0.5,0.5,,
4xCoY,1,1,1,1,1,1,0.5,0.5,0.3105,0.3105,0.3105,0.3105,0.5,0.5,0.5,0.5,,
4xKyL,1,1,1,1,1,1,0.7,0.7,0.4427499999999999,0.4427499999999999,0.4427499999999999,0.4427499999999999,0.8,0.5,0.5,0.5,,
4xLH3,1,1,1,1,1,1,0.7,0.7,0.5763800000000001,0.5763800000000001,0.5763800000000001,0.5763800000000001,0.9,0.8,0.5,0.7,,
4xM0e,1,1,1,1,1,1,0.7,0.7,0.5361300000000001,0.5361300000000001,0.5361300000000001,0.5361300000000001,0.8,0.8,0.5,0.7,,
4xROy,1,1,1,1,1,1,0.7,0.7,0.4427499999999999,0.4427499999999999,0.4427499999999999,0.4427499999999999,0.8,0.5,0.5,0.5,,
4xS5t,1,1,1,1,1,1,0.7,0.7,0.4427499999999999,0.4427499999999999,0.4427499999999999,0.4427499999999999,0.8,0.5,0.5,0.5,,
4xS5u,1,1,1,1,1,1,0.8,0.8,0.4654499999999999,0.46545,0.46545,0.4654499999999999,0.75,0.5,0.5,0.5,,
4xS9j,1,1,1,1,1,1,0.8,0.8,0.4654499999999999,0.46545,0.46545,0.4654499999999999,0.75,0.5,0.5,0.5,,
4xT25,1,1,1,1,1,1,0.8,0.8,0.4654499999999999,0.46545,0.46545,0.4654499999999999,0.75,0.5,0.5,0.5,,
4xTrc,1,1,1,1,1,1,0.8,0.8,0.4654499999999999,0.46545,0.46545,0.4654499999999999,0.75,0.5,0.5,0.5,,
4xWn8,1,1,1,1,1,1,0.8,0.8,0.4654499999999999,0.46545,0.46545,0.4654499999999999,0.75,0.5,0.5,0.5,,
4xXK4,1,1,1,1,1,1,0.8,0.8,0.5924699999999999,0.5924699999999999,0.5924699999999999,0.5924699999999999,0.95,0.5,0.5,0.8,,
4xYzk,1,1,1,1,1,1,0.8,0.8,0.4654499999999999,0.46545,0.46545,0.4654499999999999,0.75,0.5,0.5,0.5,,
4xe7q,1,1,1,1,1,1,0.7,0.7,0.4427499999999999,0.4427499999999999,0.4427499999999999,0.4427499999999999,0.8,0.5,0.5,0.5,,
4xgyJ,1,1,1,1,1,1,0.8,0.8,0.5924699999999999,0.5924699999999999,0.5924699999999999,0.5924699999999999,0.95,0.5,0.5,0.8,,
4xocW,1,1,1,1,1,1,0.7,0.7,0.4427499999999999,0.4427499999999999,0.4427499999999999,0.4427499999999999,0.8,0.5,0.5,0.5,,
4xqNp,1,1,1,1,1,1,0.8,0.8,0.5307000000000001,0.5307000000000001,0.5307000000000001,0.5307000000000001,1.0,0.5,0.5,0.5,,
4xtvE,1,1,1,1,1,1,0.8,0.8,0.5924699999999999,0.5924699999999999,0.5924699999999999,0.5924699999999999,0.95,0.5,0.5,0.8,,
4xzeX,1,0,0,0,0,0,,,,,,,,,,,,
4y06R,1,1,1,1,1,1,0.8,0.8,0.4654499999999999,0.46545,0.46545,0.4654499999999999,0.75,0.5,0.5,0.5,,
4y4HP,1,1,1,1,1,1,0.8,0.8,0.4654499999999999,0.46545,0.46545,0.4654499999999999,0.75,0.5,0.5,0.5,,
4y4yd,1,1,1,1,1,1,0.8,0.8,0.4654499999999999,0.46545,0.46545,0.4654499999999999,0.75,0.5,0.5,0.5,,
4y5Bp,1,1,1,1,1,1,0.7,0.7,0.4427499999999999,0.4427499999999999,0.4427499999999999,0.4427499999999999,0.8,0.5,0.5,0.5,,
4y61w,1,1,1,1,1,1,0.8,0.8,0.4654499999999999,0.46545,0.46545,0.4654499999999999,0.75,0.5,0.5,0.5,,
4y7qE,1,1,1,1,1,1,0.8,0.8,0.4654499999999999,0.46545,0.46545,0.4654499999999999,0.75,0.5,0.5,0.5,,
4yCKK,1,1,1,1,1,1,0.8,0.8,0.4654499999999999,0.46545,0.46545,0.4654499999999999,0.75,0.5,0.5,0.5,,
4yCM4,1,1,1,1,1,1,0.7,0.7,0.4427499999999999,0.4427499999999999,0.4427499999999999,0.4427499999999999,0.8,0.5,0.5,0.5,,
4yCOX,1,1,1,1,1,1,0.8,0.8,0.4654499999999999,0.46545,0.46545,0.4654499999999999,0.75,0.5,0.5,0.5,,
4yCPt,1,1,1,1,1,1,0.7,0.7,0.4427499999999999,0.4427499999999999,0.4427499999999999,0.4427499999999999,0.8,0.5,0.5,0.5,,
4yCPz,1,1,1,1,1,1,0.7,0.7,0.4427499999999999,0.4427499999999999,0.4427499999999999,0.4427499999999999,0.8,0.5,0.5,0.5,,
4yCQ6,1,1,1,1,1,1,0.7,0.7,0.4427499999999999,0.4427499999999999,0.4427499999999999,0.4427499999999999,0.8,0.5,0.5,0.5,,
4yCQB,1,1,1,1,1,1,0.7,0.7,0.4427499999999999,0.4427499999999999,0.4427499999999999,0.4427499999999999,0.8,0.5,0.5,0.5,,
4yCQn,1,1,1,1,1,1,0.7,0.7,0.4427499999999999,0.4427499999999999,0.4427499999999999,0.4427499999999999,0.8,0.5,0.5,0.5,,
4yDS0,1,1,1,1,1,1,0.8,0.8,0.5924699999999999,0.5924699999999999,0.5924699999999999,0.5924699999999999,0.95,0.5,0.5,0.8,,
4yDfC,1,1,1,1,1,1,0.8,0.8,0.4654499999999999,0.46545,0.46545,0.4654499999999999,0.75,0.5,0.5,0.5,,
4yDft,1,1,1,1,1,1,0.7,0.7,0.4427499999999999,0.4427499999999999,0.4427499999999999,0.4427499999999999,0.8,0.5,0.5,0.5,,
4yDgn,1,1,1,1,1,1,0.7,0.7,0.4427499999999999,0.4427499999999999,0.4427499999999999,0.4427499999999999,0.8,0.5,0.5,0.5,,
4yDhJ,1,1,1,1,1,1,0.7,0.7,0.4427499999999999,0.4427499999999999,0.4427499999999999,0.4427499999999999,0.8,0.5,0.5,0.5,,
4yDii,1,1,1,1,1,1,0.7,0.7,0.4427499999999999,0.4427499999999999,0.4427499999999999,0.4427499999999999,0.8,0.5,0.5,0.5,,
4yDji,1,1,1,1,1,1,0.7,0.7,0.4427499999999999,0.4427499999999999,0.4427499999999999,0.4427499999999999,0.8,0.5,0.5,0.5,,
4yDu0,1,1,1,1,1,1,0.8,0.8,0.5924699999999999,0.5924699999999999,0.5924699999999999,0.5924699999999999,0.95,0.5,0.5,0.8,,
4yEy7,1,1,1,1,1,1,0.8,0.8,0.4654499999999999,0.46545,0.46545,0.4654499999999999,0.75,0.5,0.5,0.5,,
4yFyW,1,1,1,1,1,1,0.9,0.9,0.8601999999999999,0.8601999999999999,0.8601999999999999,0.8601999999999999,1.0,1.0,0.5,1.0,1.0,
4yGWC,1,1,1,1,1,1,0.8,0.8,0.4654499999999999,0.46545,0.46545,0.4654499999999999,0.75,0.5,0.5,0.5,,
4yKgL,1,1,1,1,1,1,0.8,0.8,0.59595,0.59595,0.59595,0.59595,0.95,0.5,0.5,0.8,,
4yM5T,1,1,1,1,1,1,0.8,0.8,0.5924699999999999,0.5924699999999999,0.5924699999999999,0.5924699999999999,0.95,0.5,0.5,0.8,,
4yMVw,1,1,1,1,1,1,0.8,0.8,0.5924699999999999,0.5924699999999999,0.5924699999999999,0.5924699999999999,0.95,0.5,0.5,0.8,,
4yMic,1,1,1,1,1,1,0.8,0.8,0.4654499999999999,0.46545,0.46545,0.4654499999999999,0.75,0.5,0.5,0.5,,
4yNT4,1,1,1,1,1,1,0.8,0.8,0.4654499999999999,0.46545,0.46545,0.4654499999999999,0.75,0.5,0.5,0.5,,
4yNVJ,1,1,1,1,1,1,0.8,0.8,0.4654499999999999,0.46545,0.46545,0.4654499999999999,0.75,0.5,0.5,0.5,,
4yQJx,1,1,1,1,1,1,0.7,0.7,0.4427499999999999,0.4427499999999999,0.4427499999999999,0.4427499999999999,0.8,0.5,0.5,0.5,,
4yQQC,1,0,0,0,0,0,,,,,,,,,,,,
4yQdH,1,1,1,1,1,1,0.8,0.8,0.5924699999999999,0.5924699999999999,0.5924699999999999,0.5924699999999999,0.95,0.5,0.5,0.8,,
4yRaL,1,1,1,1,1,1,0.8,0.8,0.4654499999999999,0.46545,0.46545,0.4654499999999999,0.75,0.5,0.5,0.5,,
4yRwU,1,1,1,1,1,1,0.9,0.9,0.6227100000000002,0.6227100000000002,0.6227100000000002,0.6227100000000002,0.8,0.8,0.5,0.7,,
4yWNI,1,1,1,1,1,1,0.8,0.8,0.4654499999999999,0.46545,0.46545,0.4654499999999999,0.75,0.5,0.5,0.5,,
4yWYD,1,1,1,1,1,1,0.8,0.8,0.4654499999999999,0.46545,0.46545,0.4654499999999999,0.75,0.5,0.5,0.5,,
4yYjG,1,1,1,1,1,1,0.8,0.8,0.4654499999999999,0.46545,0.46545,0.4654499999999999,0.75,0.5,0.5,0.5,,
4yZ29,1,1,1,1,1,1,0.8,0.8,0.5924699999999999,0.5924699999999999,0.5924699999999999,0.5924699999999999,0.95,0.5,0.5,0.8,,
4ydzz,1,1,1,1,1,1,0.7,0.7,0.4427499999999999,0.4427499999999999,0.4427499999999999,0.4427499999999999,0.8,0.5,0.5,0.5,,
4ykR4,1,1,1,1,1,1,0.8,0.8,0.5924699999999999,0.5924699999999999,0.5924699999999999,0.5924699999999999,0.95,0.5,0.5,0.8,,
4ym0G,1,1,1,1,1,1,0.8,0.8,0.4654499999999999,0.46545,0.46545,0.4654499999999999,0.75,0.5,0.5,0.5,,
4ymVV,1,1,1,1,1,1,0.5,0.5,0.0,0.0,0.0,0.0,0.0,0.0,0.0,0.0,,
4ynqb,1,1,1,1,1,1,0.8,0.8,0.59595,0.59595,0.59595,0.59595,0.95,0.5,0.5,0.8,,
4yo98,1,1,1,1,1,1,0.8,0.8,0.5924699999999999,0.5924699999999999,0.5924699999999999,0.5924699999999999,0.95,0.5,0.5,0.8,,
4ypSZ,1,1,1,1,1,1,0.7,0.7,0.4427499999999999,0.4427499999999999,0.4427499999999999,0.4427499999999999,0.8,0.5,0.5,0.5,,
4yqqW,1,1,1,1,1,1,0.7,0.7,0.4427499999999999,0.4427499999999999,0.4427499999999999,0.4427499999999999,0.8,0.5,0.5,0.5,,
4yrQb,1,1,1,1,1,1,0.7,0.7,0.4427499999999999,0.4427499999999999,0.4427499999999999,0.4427499999999999,0.8,0.5,0.5,0.5,,
4ysJM,1,1,1,1,1,1,0.8,0.8,0.4654499999999999,0.46545,0.46545,0.4654499999999999,0.75,0.5,0.5,0.5,,
4ywJY,1,1,1,1,1,1,0.8,0.8,0.5924699999999999,0.5924699999999999,0.5924699999999999,0.5924699999999999,0.95,0.5,0.5,0.8,,
4yxXF,1,1,1,1,1,1,0.8,0.8,0.4654499999999999,0.46545,0.46545,0.4654499999999999,0.75,0.5,0.5,0.5,,
4z1XL,1,1,1,1,1,1,0.7,0.7,0.4427499999999999,0.4427499999999999,0.4427499999999999,0.4427499999999999,0.8,0.5,0.5,0.5,,
4z1oA,1,1,1,1,1,1,0.8,0.8,0.59595,0.59595,0.59595,0.59595,0.95,0.5,0.5,0.8,,
4z1zJ,1,1,1,1,1,1,0.8,0.8,0.4654499999999999,0.46545,0.46545,0.4654499999999999,0.75,0.5,0.5,0.5,,
4z2tP,1,1,1,1,1,1,0.8,0.8,0.5924699999999999,0.5924699999999999,0.5924699999999999,0.5924699999999999,0.95,0.5,0.5,0.8,,
4z5Ls,1,1,1,1,1,1,0.8,0.8,0.5924699999999999,0.5924699999999999,0.5924699999999999,0.5924699999999999,0.95,0.5,0.5,0.8,,
4z5M1,1,1,1,1,1,1,0.8,0.8,0.5924699999999999,0.5924699999999999,0.5924699999999999,0.5924699999999999,0.95,0.5,0.5,0.8,,
4z5S6,1,1,1,1,1,1,0.7,0.7,0.5361300000000001,0.5361300000000001,0.5361300000000001,0.5361300000000001,0.8,0.8,0.5,0.7,,
4z6Fk,1,1,1,1,1,1,0.8,0.8,0.4654499999999999,0.46545,0.46545,0.4654499999999999,0.75,0.5,0.5,0.5,,
4z7lP,1,1,1,1,1,1,0.8,0.8,0.5924699999999999,0.5924699999999999,0.5924699999999999,0.5924699999999999,0.95,0.5,0.5,0.8,,
4z856,1,1,1,1,1,1,0.7,0.7,0.4427499999999999,0.4427499999999999,0.4427499999999999,0.4427499999999999,0.8,0.5,0.5,0.5,,
4z8y9,1,1,1,1,1,1,0.8,0.8,0.4654499999999999,0.46545,0.46545,0.4654499999999999,0.75,0.5,0.5,0.5,,
4zA0v,1,1,1,1,1,1,0.8,0.8,0.4654499999999999,0.46545,0.46545,0.4654499999999999,0.75,0.5,0.5,0.5,,
4zAFX,1,1,1,1,1,1,0.8,0.8,0.5924699999999999,0.5924699999999999,0.5924699999999999,0.5924699999999999,0.95,0.5,0.5,0.8,,
4zAFY,1,1,1,1,1,1,0.8,0.8,0.5924699999999999,0.5924699999999999,0.5924699999999999,0.5924699999999999,0.95,0.5,0.5,0.8,,
4zAS1,1,1,1,1,1,1,0.5,0.5,0.2025,0.2025,0.2025,0.2025,1.0,0.0,0.0,0.0,,
4zArw,1,1,1,1,1,1,0.7,0.7,0.5361300000000001,0.5361300000000001,0.5361300000000001,0.5361300000000001,0.8,0.8,0.5,0.7,,
4zAu1,1,1,1,1,1,1,0.7,0.7,0.4427499999999999,0.4427499999999999,0.4427499999999999,0.4427499999999999,0.8,0.5,0.5,0.5,,
4zBoA,1,1,1,1,1,1,0.7,0.7,0.4427499999999999,0.4427499999999999,0.4427499999999999,0.4427499999999999,0.8,0.5,0.5,0.5,,
4zCRr,1,1,1,1,1,1,0.8,0.8,0.5924699999999999,0.5924699999999999,0.5924699999999999,0.5924699999999999,0.95,0.5,0.5,0.8,,
4zDFM,1,1,1,1,1,1,0.8,0.8,0.5924699999999999,0.5924699999999999,0.5924699999999999,0.5924699999999999,0.95,0.5,0.5,0.8,,
4zDKJ,1,1,1,1,1,1,0.7,0.7,0.4427499999999999,0.4427499999999999,0.4427499999999999,0.4427499999999999,0.8,0.5,0.5,0.5,,
4zDLr,1,1,1,1,1,1,0.8,0.8,0.7307999999999999,0.7307999999999999,0.7307999999999999,0.7307999999999999,1.0,1.0,0.5,1.0,,
4zDfW,1,1,1,1,1,1,0.8,0.8,0.5924699999999999,0.5924699999999999,0.5924699999999999,0.5924699999999999,0.95,0.5,0.5,0.8,,
4zEA9,1,1,0,1,0,0,0.5,,,,,,,,,,,
4zEAY,1,1,1,1,1,1,0.7,0.7,0.4427499999999999,0.4427499999999999,0.4427499999999999,0.4427499999999999,0.8,0.5,0.5,0.5,,
4zET7,1,1,1,1,1,1,0.95,0.95,0.7140150000000002,0.7140150000000002,0.7140150000000002,0.7140150000000002,0.8,0.8,0.5,0.7,0.9,
4zEp4,1,1,1,1,1,1,0.7,0.7,0.4427499999999999,0.4427499999999999,0.4427499999999999,0.4427499999999999,0.8,0.5,0.5,0.5,,
4zEvf,1,1,1,1,1,1,0.7,0.7,0.4427499999999999,0.4427499999999999,0.4427499999999999,0.4427499999999999,0.8,0.5,0.5,0.5,,
4zFZH,1,1,1,1,1,1,0.8,0.8,0.4654499999999999,0.46545,0.46545,0.4654499999999999,0.75,0.5,0.5,0.5,,
4zFnU,1,1,1,1,1,1,0.8,0.8,0.5924699999999999,0.5924699999999999,0.5924699999999999,0.5924699999999999,0.95,0.5,0.5,0.8,,
4zGnL,1,1,1,1,1,1,0.7,0.7,0.4427499999999999,0.4427499999999999,0.4427499999999999,0.4427499999999999,0.8,0.5,0.5,0.5,,
4zGxB,1,1,1,1,1,1,0.8,0.8,0.59595,0.59595,0.59595,0.59595,0.95,0.5,0.5,0.8,,
4zHrX,1,1,1,1,1,1,0.7,0.7,0.4427499999999999,0.4427499999999999,0.4427499999999999,0.4427499999999999,0.8,0.5,0.5,0.5,,
4zISP,1,1,1,1,1,1,0.7,0.7,0.4427499999999999,0.4427499999999999,0.4427499999999999,0.4427499999999999,0.8,0.5,0.5,0.5,,
4zIi8,1,1,1,1,1,1,0.8,0.8,0.5924699999999999,0.5924699999999999,0.5924699999999999,0.5924699999999999,0.95,0.5,0.5,0.8,,
4zIlz,1,1,1,1,1,1,0.8,0.8,0.7307999999999999,0.7307999999999999,0.7307999999999999,0.7307999999999999,1.0,1.0,0.5,1.0,,
4zIv0,1,1,1,1,1,1,0.8,0.8,0.4654499999999999,0.46545,0.46545,0.4654499999999999,0.75,0.5,0.5,0.5,,
4zJ2x,1,1,1,1,1,1,0.7,0.7,0.4427499999999999,0.4427499999999999,0.4427499999999999,0.4427499999999999,0.8,0.5,0.5,0.5,,
4zJI5,1,1,1,1,1,1,0.7,0.7,0.4427499999999999,0.4427499999999999,0.4427499999999999,0.4427499999999999,0.8,0.5,0.5,0.5,,
4zJQe,1,1,1,1,1,1,0.8,0.8,0.5924699999999999,0.5924699999999999,0.5924699999999999,0.5924699999999999,0.95,0.5,0.5,0.8,,
4zJRu,1,1,1,1,1,1,0.8,0.8,0.4654499999999999,0.46545,0.46545,0.4654499999999999,0.75,0.5,0.5,0.5,,
4zJWq,1,1,1,1,1,1,0.8,0.8,0.5924699999999999,0.5924699999999999,0.5924699999999999,0.5924699999999999,0.95,0.5,0.5,0.8,,
4zJZn,1,1,1,1,1,1,0.8,0.8,0.4654499999999999,0.46545,0.46545,0.4654499999999999,0.75,0.5,0.5,0.5,,
4zJcB,1,1,1,1,1,1,0.8,0.8,0.4654499999999999,0.46545,0.46545,0.4654499999999999,0.75,0.5,0.5,0.5,,
4zJjW,1,1,1,1,1,1,0.8,0.8,0.4654499999999999,0.46545,0.46545,0.4654499999999999,0.75,0.5,0.5,0.5,,
4zJlv,1,1,1,1,1,1,0.8,0.8,0.7307999999999999,0.7307999999999999,0.7307999999999999,0.7307999999999999,1.0,1.0,0.5,1.0,,
4zJm2,1,1,1,1,1,1,0.8,0.8,0.4654499999999999,0.46545,0.46545,0.4654499999999999,0.75,0.5,0.5,0.5,,
4zKRF,1,1,1,1,1,1,0.8,0.8,0.4654499999999999,0.46545,0.46545,0.4654499999999999,0.75,0.5,0.5,0.5,,
4zKXd,1,1,1,1,1,1,0.7,0.7,0.4427499999999999,0.4427499999999999,0.4427499999999999,0.4427499999999999,0.8,0.5,0.5,0.5,,
4zKgS,1,1,1,1,1,1,0.8,0.8,0.5924699999999999,0.5924699999999999,0.5924699999999999,0.5924699999999999,0.95,0.5,0.5,0.8,,
4zKmb,1,1,1,1,1,1,0.8,0.8,0.5924699999999999,0.5924699999999999,0.5924699999999999,0.5924699999999999,0.95,0.5,0.5,0.8,,
4zL0j,1,1,1,1,1,1,0.8,0.8,0.4654499999999999,0.46545,0.46545,0.4654499999999999,0.75,0.5,0.5,0.5,,
4zL6J,1,1,1,1,1,1,0.8,0.8,0.4654499999999999,0.46545,0.46545,0.4654499999999999,0.75,0.5,0.5,0.5,,
4zLF7,1,1,1,1,1,1,0.8,0.8,0.5924699999999999,0.5924699999999999,0.5924699999999999,0.5924699999999999,0.95,0.5,0.5,0.8,,
4zM3w,1,1,1,1,1,1,0.7,0.7,0.4427499999999999,0.4427499999999999,0.4427499999999999,0.4427499999999999,0.8,0.5,0.5,0.5,,
4zNnd,1,1,1,1,1,1,0.8,0.8,0.5924699999999999,0.5924699999999999,0.5924699999999999,0.5924699999999999,0.95,0.5,0.5,0.8,,
4zOCK,1,1,1,1,1,1,0.7,0.7,0.4427499999999999,0.4427499999999999,0.4427499999999999,0.4427499999999999,0.8,0.5,0.5,0.5,,
4zOZQ,1,0,0,0,0,0,,,,,,,,,,,,
4zOZe,1,1,1,1,1,1,0.8,0.8,0.4654499999999999,0.46545,0.46545,0.4654499999999999,0.75,0.5,0.5,0.5,,
4zOzc,1,1,1,1,1,1,0.7,0.7,0.4427499999999999,0.4427499999999999,0.4427499999999999,0.4427499999999999,0.8,0.5,0.5,0.5,,
4zP03,1,1,1,1,1,1,0.7,0.7,0.4427499999999999,0.4427499999999999,0.4427499999999999,0.4427499999999999,0.8,0.5,0.5,0.5,,
4zP8Y,1,1,1,1,1,1,0.7,0.7,0.4427499999999999,0.4427499999999999,0.4427499999999999,0.4427499999999999,0.8,0.5,0.5,0.5,,
4zP9X,1,1,1,1,1,1,0.8,0.8,0.5924699999999999,0.5924699999999999,0.5924699999999999,0.5924699999999999,0.95,0.5,0.5,0.8,,
4zPNz,1,1,1,1,1,1,0.8,0.8,0.4654499999999999,0.46545,0.46545,0.4654499999999999,0.75,0.5,0.5,0.5,,
4zPOA,1,1,1,1,1,1,0.7,0.7,0.4427499999999999,0.4427499999999999,0.4427499999999999,0.4427499999999999,0.8,0.5,0.5,0.5,,
4zPwn,1,1,1,1,1,1,0.5,0.5,0.0,0.0,0.0,0.0,0.0,0.0,0.0,0.0,,
4zQAs,1,1,1,1,1,1,0.8,0.8,0.4654499999999999,0.46545,0.46545,0.4654499999999999,0.75,0.5,0.5,0.5,,
4zQI0,1,1,1,1,1,1,0.7,0.7,0.4427499999999999,0.4427499999999999,0.4427499999999999,0.4427499999999999,0.8,0.5,0.5,0.5,,
4zQOt,1,1,1,1,1,1,0.7,0.7,0.4427499999999999,0.4427499999999999,0.4427499999999999,0.4427499999999999,0.8,0.5,0.5,0.5,,
4zQlk,1,1,1,1,1,1,0.5,0.5,0.2025,0.2025,0.2025,0.2025,1.0,0.0,0.0,0.0,,
4zQr9,1,1,1,1,1,1,0.8,0.8,0.5924699999999999,0.5924699999999999,0.5924699999999999,0.5924699999999999,0.95,0.5,0.5,0.8,,
4zRAj,1,1,1,1,1,1,0.8,0.8,0.4654499999999999,0.46545,0.46545,0.4654499999999999,0.75,0.5,0.5,0.5,,
4zRHf,1,1,1,1,1,1,0.8,0.8,0.4654499999999999,0.46545,0.46545,0.4654499999999999,0.75,0.5,0.5,0.5,,
4zRHp,1,1,1,1,1,1,0.8,0.8,0.5924699999999999,0.5924699999999999,0.5924699999999999,0.5924699999999999,0.95,0.5,0.5,0.8,,
4zRSg,1,1,1,1,1,1,0.8,0.8,0.5924699999999999,0.5924699999999999,0.5924699999999999,0.5924699999999999,0.95,0.5,0.5,0.8,,
4zRVA,1,1,1,1,1,1,0.7,0.7,0.4427499999999999,0.4427499999999999,0.4427499999999999,0.4427499999999999,0.8,0.5,0.5,0.5,,
4zRu0,1,1,1,1,1,1,0.8,0.8,0.5924699999999999,0.5924699999999999,0.5924699999999999,0.5924699999999999,0.95,0.5,0.5,0.8,,
4zS0J,1,1,1,1,1,1,0.7,0.7,0.4427499999999999,0.4427499999999999,0.4427499999999999,0.4427499999999999,0.8,0.5,0.5,0.5,,
4zT2r,1,1,1,1,1,1,0.8,0.8,0.5924699999999999,0.5924699999999999,0.5924699999999999,0.5924699999999999,0.95,0.5,0.5,0.8,,
4zTFW,1,1,1,1,1,1,0.8,0.8,0.4654499999999999,0.46545,0.46545,0.4654499999999999,0.75,0.5,0.5,0.5,,
4zTMN,1,1,1,1,1,1,0.7,0.7,0.4427499999999999,0.4427499999999999,0.4427499999999999,0.4427499999999999,0.8,0.5,0.5,0.5,,
4zTx3,1,1,1,1,1,1,0.8,0.8,0.5924699999999999,0.5924699999999999,0.5924699999999999,0.5924699999999999,0.95,0.5,0.5,0.8,,
4zU5q,1,1,1,1,1,1,0.7,0.7,0.4427499999999999,0.4427499999999999,0.4427499999999999,0.4427499999999999,0.8,0.5,0.5,0.5,,
4zUI4,1,1,1,1,1,1,0.7,0.7,0.4427499999999999,0.4427499999999999,0.4427499999999999,0.4427499999999999,0.8,0.5,0.5,0.5,,
4zUqn,1,1,1,1,1,1,0.7,0.7,0.4427499999999999,0.4427499999999999,0.4427499999999999,0.4427499999999999,0.8,0.5,0.5,0.5,,
4zVE2,1,1,1,1,1,1,0.7,0.7,0.4427499999999999,0.4427499999999999,0.4427499999999999,0.4427499999999999,0.8,0.5,0.5,0.5,,
4zVIu,1,1,1,1,1,1,0.8,0.8,0.4654499999999999,0.46545,0.46545,0.4654499999999999,0.75,0.5,0.5,0.5,,
4zVLc,1,1,1,1,1,1,0.7,0.7,0.4427499999999999,0.4427499999999999,0.4427499999999999,0.4427499999999999,0.8,0.5,0.5,0.5,,
4zVO7,1,1,1,1,1,1,0.7,0.7,0.4427499999999999,0.4427499999999999,0.4427499999999999,0.4427499999999999,0.8,0.5,0.5,0.5,,
4zVSs,1,1,1,1,1,1,0.95,0.95,0.6927300000000002,0.6927300000000002,0.6927300000000002,0.6927300000000002,0.9,0.8,0.5,0.7,,
4zVfK,1,1,1,1,1,1,0.7,0.7,0.4427499999999999,0.4427499999999999,0.4427499999999999,0.4427499999999999,0.8,0.5,0.5,0.5,,
4zVw0,1,1,1,1,1,1,0.8,0.8,0.4654499999999999,0.46545,0.46545,0.4654499999999999,0.75,0.5,0.5,0.5,,
4zWHO,1,1,1,1,1,1,0.8,0.8,0.5924699999999999,0.5924699999999999,0.5924699999999999,0.5924699999999999,0.95,0.5,0.5,0.8,,
4zXEU,1,1,1,1,1,1,0.7,0.7,0.4427499999999999,0.4427499999999999,0.4427499999999999,0.4427499999999999,0.8,0.5,0.5,0.5,,
4zXJO,1,1,1,1,1,1,0.8,0.8,0.5924699999999999,0.5924699999999999,0.5924699999999999,0.5924699999999999,0.95,0.5,0.5,0.8,,
4zXbw,1,1,1,1,1,1,0.9,0.9,0.636735,0.636735,0.636735,0.636735,0.85,0.8,0.5,0.7,,
4zXqn,1,1,1,1,1,1,0.7,0.7,0.4427499999999999,0.4427499999999999,0.4427499999999999,0.4427499999999999,0.8,0.5,0.5,0.5,,
4zXt7,1,1,1,1,1,1,0.7,0.7,0.4427499999999999,0.4427499999999999,0.4427499999999999,0.4427499999999999,0.8,0.5,0.5,0.5,,
4zY1Y,1,1,1,1,1,1,0.8,0.8,0.5924699999999999,0.5924699999999999,0.5924699999999999,0.5924699999999999,0.95,0.5,0.5,0.8,,
4zY3P,1,1,1,1,1,1,0.8,0.8,0.5924699999999999,0.5924699999999999,0.5924699999999999,0.5924699999999999,0.95,0.5,0.5,0.8,,
4zY6d,1,1,1,1,1,1,0.8,0.8,0.4654499999999999,0.46545,0.46545,0.4654499999999999,0.75,0.5,0.5,0.5,,
4zYDH,1,1,1,1,1,1,0.8,0.8,0.4654499999999999,0.46545,0.46545,0.4654499999999999,0.75,0.5,0.5,0.5,,
4zYJP,1,1,1,1,1,1,0.8,0.8,0.5924699999999999,0.5924699999999999,0.5924699999999999,0.5924699999999999,0.95,0.5,0.5,0.8,,
4zYKc,1,1,1,1,1,1,0.7,0.7,0.4427499999999999,0.4427499999999999,0.4427499999999999,0.4427499999999999,0.8,0.5,0.5,0.5,,
4zYM8,1,1,1,1,1,1,0.8,0.8,0.5924699999999999,0.5924699999999999,0.5924699999999999,0.5924699999999999,0.95,0.5,0.5,0.8,,
4zYOI,1,1,1,1,1,1,0.5,0.5,0.0,0.0,0.0,0.0,0.0,0.0,0.0,0.0,,
4zYQL,1,1,1,1,1,1,0.8,0.8,0.5924699999999999,0.5924699999999999,0.5924699999999999,0.5924699999999999,0.95,0.5,0.5,0.8,,
4zYac,1,1,1,1,1,1,0.8,0.8,0.59595,0.59595,0.59595,0.59595,0.95,0.5,0.5,0.8,,
4zYl6,1,1,1,1,1,1,0.5,0.5,0.2025,0.2025,0.2025,0.2025,1.0,0.0,0.0,0.0,,
4zYpG,1,1,1,1,1,1,0.8,0.8,0.4654499999999999,0.46545,0.46545,0.4654499999999999,0.75,0.5,0.5,0.5,,
4zYr0,1,1,1,1,1,1,0.8,0.8,0.4654499999999999,0.46545,0.46545,0.4654499999999999,0.75,0.5,0.5,0.5,,
4zZVk,1,1,1,1,1,1,0.8,0.8,0.4654499999999999,0.46545,0.46545,0.4654499999999999,0.75,0.5,0.5,0.5,,
4zZVl,1,1,1,1,1,1,0.5,0.5,0.2025,0.2025,0.2025,0.2025,1.0,0.0,0.0,0.0,,
4zZe6,1,1,1,1,1,1,0.7,0.7,0.4427499999999999,0.4427499999999999,0.4427499999999999,0.4427499999999999,0.8,0.5,0.5,0.5,,
4zZx3,1,1,1,1,1,1,0.8,0.8,0.5924699999999999,0.5924699999999999,0.5924699999999999,0.5924699999999999,0.95,0.5,0.5,0.8,,
4zak4,1,1,1,1,1,1,0.8,0.8,0.5924699999999999,0.5924699999999999,0.5924699999999999,0.5924699999999999,0.95,0.5,0.5,0.8,,
4zart,1,1,1,1,1,1,0.8,0.8,0.5924699999999999,0.5924699999999999,0.5924699999999999,0.5924699999999999,0.95,0.5,0.5,0.8,,
4zeCx,1,1,1,1,1,1,0.8,0.8,0.5924699999999999,0.5924699999999999,0.5924699999999999,0.5924699999999999,0.95,0.5,0.5,0.8,,
4zew6,1,1,1,1,1,1,0.7,0.7,0.4427499999999999,0.4427499999999999,0.4427499999999999,0.4427499999999999,0.8,0.5,0.5,0.5,,
4zfPv,1,1,1,1,1,1,0.7,0.7,0.4427499999999999,0.4427499999999999,0.4427499999999999,0.4427499999999999,0.8,0.5,0.5,0.5,,
4zhRh,1,1,1,1,1,1,0.8,0.8,0.4654499999999999,0.46545,0.46545,0.4654499999999999,0.75,0.5,0.5,0.5,,
4zix2,1,1,1,1,1,1,0.8,0.8,0.4654499999999999,0.46545,0.46545,0.4654499999999999,0.75,0.5,0.5,0.5,,
4zj2o,1,1,1,1,1,1,0.7,0.7,0.4427499999999999,0.4427499999999999,0.4427499999999999,0.4427499999999999,0.8,0.5,0.5,0.5,,
4zjBz,1,1,1,1,1,1,0.9,0.9,0.6227100000000002,0.6227100000000002,0.6227100000000002,0.6227100000000002,0.8,0.8,0.5,0.7,,
4zjk0,1,1,1,1,1,1,0.7,0.7,0.4427499999999999,0.4427499999999999,0.4427499999999999,0.4427499999999999,0.8,0.5,0.5,0.5,,
4zkXf,1,1,1,1,1,1,0.7,0.7,0.4427499999999999,0.4427499999999999,0.4427499999999999,0.4427499999999999,0.8,0.5,0.5,0.5,,
4zkXg,1,1,1,1,1,1,0.7,0.7,0.4427499999999999,0.4427499999999999,0.4427499999999999,0.4427499999999999,0.8,0.5,0.5,0.5,,
4zkxy,1,1,1,1,1,1,0.8,0.8,0.5924699999999999,0.5924699999999999,0.5924699999999999,0.5924699999999999,0.95,0.5,0.5,0.8,,
4zloV,1,1,1,1,1,1,0.8,0.8,0.4654499999999999,0.46545,0.46545,0.4654499999999999,0.75,0.5,0.5,0.5,,
4zmHp,1,1,1,1,1,1,0.7,0.7,0.4427499999999999,0.4427499999999999,0.4427499999999999,0.4427499999999999,0.8,0.5,0.5,0.5,,
4znHg,1,1,1,1,1,1,0.7,0.7,0.4427499999999999,0.4427499999999999,0.4427499999999999,0.4427499999999999,0.8,0.5,0.5,0.5,,
4znTr,1,1,1,1,1,1,0.7,0.7,0.4427499999999999,0.4427499999999999,0.4427499999999999,0.4427499999999999,0.8,0.5,0.5,0.5,,
4znre,1,1,1,1,1,1,0.8,0.8,0.5924699999999999,0.5924699999999999,0.5924699999999999,0.5924699999999999,0.95,0.5,0.5,0.8,,
4zp5u,1,1,1,1,1,1,0.8,0.8,0.5924699999999999,0.5924699999999999,0.5924699999999999,0.5924699999999999,0.95,0.5,0.5,0.8,,
4zpQ9,1,1,1,1,1,1,0.8,0.8,0.5924699999999999,0.5924699999999999,0.5924699999999999,0.5924699999999999,0.95,0.5,0.5,0.8,,
4zpoW,1,0,0,0,0,0,,,,,,,,,,,,
4zrBs,1,1,1,1,1,1,0.8,0.8,0.5924699999999999,0.5924699999999999,0.5924699999999999,0.5924699999999999,0.95,0.5,0.5,0.8,,
4zrfv,1,1,1,1,1,1,0.8,0.8,0.5924699999999999,0.5924699999999999,0.5924699999999999,0.5924699999999999,0.95,0.5,0.5,0.8,,
4zrjc,1,1,1,1,1,1,0.7,0.7,0.4427499999999999,0.4427499999999999,0.4427499999999999,0.4427499999999999,0.8,0.5,0.5,0.5,,
4zsMH,1,1,1,1,1,1,0.7,0.7,0.4427499999999999,0.4427499999999999,0.4427499999999999,0.4427499999999999,0.8,0.5,0.5,0.5,,
4zsfq,1,1,1,1,1,1,0.8,0.8,0.5924699999999999,0.5924699999999999,0.5924699999999999,0.5924699999999999,0.95,0.5,0.5,0.8,,
4zsg2,1,1,1,1,1,1,0.8,0.8,0.5924699999999999,0.5924699999999999,0.5924699999999999,0.5924699999999999,0.95,0.5,0.5,0.8,,
4zsha,1,1,1,1,1,1,0.7,0.7,0.5361300000000001,0.5361300000000001,0.5361300000000001,0.5361300000000001,0.8,0.8,0.5,0.7,,
4zsqo,1,1,1,1,1,1,0.7,0.7,0.4427499999999999,0.4427499999999999,0.4427499999999999,0.4427499999999999,0.8,0.5,0.5,0.5,,
4zsy0,1,1,1,1,1,1,0.9,0.9,0.6227100000000002,0.6227100000000002,0.6227100000000002,0.6227100000000002,0.8,0.8,0.5,0.7,,
4ztiy,1,1,1,1,1,1,0.5,0.5,0.2025,0.2025,0.2025,0.2025,1.0,0.0,0.0,0.0,,
4zuE9,1,1,1,1,1,1,0.8,0.8,0.4654499999999999,0.46545,0.46545,0.4654499999999999,0.75,0.5,0.5,0.5,,
4zuvC,1,1,1,1,1,1,0.7,0.7,0.4427499999999999,0.4427499999999999,0.4427499999999999,0.4427499999999999,0.8,0.5,0.5,0.5,,
4zvAe,1,1,1,1,1,1,0.7,0.7,0.4427499999999999,0.4427499999999999,0.4427499999999999,0.4427499999999999,0.8,0.5,0.5,0.5,,
4zvLv,1,1,1,1,1,1,0.7,0.7,0.4427499999999999,0.4427499999999999,0.4427499999999999,0.4427499999999999,0.8,0.5,0.5,0.5,,
4zvcj,1,1,1,1,1,1,0.8,0.8,0.5924699999999999,0.5924699999999999,0.5924699999999999,0.5924699999999999,0.95,0.5,0.5,0.8,,
4zvxu,1,1,1,1,1,1,0.7,0.7,0.4427499999999999,0.4427499999999999,0.4427499999999999,0.4427499999999999,0.8,0.5,0.5,0.5,,
4zw6g,1,1,1,1,1,1,0.7,0.7,0.5361300000000001,0.5361300000000001,0.5361300000000001,0.5361300000000001,0.8,0.8,0.5,0.7,,
4zw9W,1,1,1,1,1,1,0.7,0.7,0.4427499999999999,0.4427499999999999,0.4427499999999999,0.4427499999999999,0.8,0.5,0.5,0.5,,
4zwPE,1,1,1,1,1,1,0.7,0.7,0.4427499999999999,0.4427499999999999,0.4427499999999999,0.4427499999999999,0.8,0.5,0.5,0.5,,
4zwrZ,1,0,0,0,0,0,,,,,,,,,,,,
4zwyf,1,1,1,1,1,1,0.8,0.8,0.5924699999999999,0.5924699999999999,0.5924699999999999,0.5924699999999999,0.95,0.5,0.5,0.8,,
4zxDj,1,1,1,1,1,1,0.7,0.7,0.4427499999999999,0.4427499999999999,0.4427499999999999,0.4427499999999999,0.8,0.5,0.5,0.5,,
4zyCd,1,1,1,1,1,1,0.8,0.8,0.4654499999999999,0.46545,0.46545,0.4654499999999999,0.75,0.5,0.5,0.5,,
4zz3i,1,1,1,1,1,1,0.7,0.7,0.4427499999999999,0.4427499999999999,0.4427499999999999,0.4427499999999999,0.8,0.5,0.5,0.5,,
4zzGO,1,1,1,1,1,1,0.8,0.8,0.4654499999999999,0.46545,0.46545,0.4654499999999999,0.75,0.5,0.5,0.5,,
4zzrJ,1,1,1,1,1,1,0.8,0.8,0.4654499999999999,0.46545,0.46545,0.4654499999999999,0.75,0.5,0.5,0.5,,
